AggregateCharacterConversionRate,0
AggregateFullyConvertedOccurrences,0
AggregateLoCConversionRate,0
AggregateObjectConversionRate,0
AggregateTotalCharacters,0
AggregateTotalConversionErrors,0
AggregateTotalLinesOfCode,0
AggregateTotalOccurrences,0
AggregateTotalParsingErrors,0
AggregateTotalWarnings,0
AppType,cli
AppVersion,2.40.0-Pr.125
BasicCursor,0
CC_UNSUPPORTED_EXPR_NONDET_COUNT,0
CC_UNSUPPORTED_EXPR_UDF_COUNT,0
CloseSession,2026/08/12 12:38:58 -05:00
CodeCompletenessScore,92.59
CodeUnitsOutOfScope,0
CodeUnitsOutOfScopePercentage,0
ConversionSpeed,89
CoreVersion,199.0.0+33c2d272ee21ff9bd81c14f5edb5fd1e4e985b5f
CreateSession,2026/08/12 12:38:56 -05:00
CursorForUpdate,0
CursorsWithVariablesOrParameters,0
DynamicExecuteStatements,0
DynamicProcedureCallStatements,0
DynamicTotalStatements,0
DynamicTotalTables,0
DynamicTotalViews,0
ElapsedTime,00:00:02
EndConversion,2026/08/12 12:38:58 -05:00
EtlDataPipelinesTargetFlavor,N/A
ExtensibilityAPI_Version,0
ExternalRulesCount,0
ExternalRulesExecuted,0
ExternalTableCharacterConversionRate,0
ExternalTableFullyConvertedOccurrences,0
ExternalTableLoCConversionRate,0
ExternalTableObjectConversionRate,0
ExternalTableTotalCharacters,0
ExternalTableTotalConversionErrors,0
ExternalTableTotalLinesOfCode,0
ExternalTableTotalOccurrences,0
ExternalTableTotalParsingErrors,0
ExternalTableTotalWarnings,0
FetchInLoop,0
FetchStatement,0
FilesWithUnexpectedEncoding,0
FillSymbolStep1Time,0.041316
FillSymbolStep2Time,0.034072
FullyConvertedCodeUnitsRate,88.89
FunctionalDifferenceMessages,6
FunctionCharacterConversionRate,0
FunctionFullyConvertedOccurrences,0
FunctionLoCConversionRate,0
FunctionObjectConversionRate,0
FunctionReturnsVoidCount,0
FunctionReturnsVoidLoc,0
FunctionsWithBasicCursor,0
FunctionsWithCursorForUpdate,0
FunctionsWithCursorsWithVariablesOrParameters,0
FunctionsWithDynamicExecuteStatements,0
FunctionsWithFetchInLoop,0
FunctionsWithFetchStatement,0
FunctionTotalCharacters,0
FunctionTotalConversionErrors,0
FunctionTotalLinesOfCode,0
FunctionTotalOccurrences,0
FunctionTotalParsingErrors,0
FunctionTotalWarnings,0
GrantStatementLinesOfCode,0
GrantStatements,0
InvalidEncodings,0
InvalidExtensions,0
InvalidSystemObjects,0
LicenseData,
MaterializedViewCharacterConversionRate,100
MaterializedViewFullyConvertedOccurrences,2
MaterializedViewLoCConversionRate,100
MaterializedViewObjectConversionRate,100
MaterializedViewTotalCharacters,649
MaterializedViewTotalConversionErrors,0
MaterializedViewTotalLinesOfCode,18
MaterializedViewTotalOccurrences,2
MaterializedViewTotalParsingErrors,0
MaterializedViewTotalWarnings,2
MigrationId,DvefAe5IK3+lJQ1/aClvvQ==
MultistatementFunctionCount,0
MultiStatementUDTFCount,0
ObjectConversionRate,85
ObjectsSuccessfullyConverted,17
OSVersion,Unix 26.6.0
OtherCriticalIssues,0
ParsingTime,0.214658
PartitionKey,53b2786d-0a21-49d8-9dc6-c4748d4df71c
PerformanceReviews,0
PreConversionAssessmentTime,0.097003
PreprocessingTime,0.064544
ProcedureCharacterConversionRate,14.09
ProcedureCursorOccurrences,0
ProcedureFullyConvertedOccurrences,2
ProcedureLoCConversionRate,93.02
ProcedureLoopOccurrences,0
ProcedureObjectConversionRate,40
ProceduresWithBasicCursor,0
ProceduresWithCursorForUpdate,0
ProceduresWithCursorsWithVariablesOrParameters,0
ProceduresWithDynamicExecuteStatements,0
ProceduresWithFetchInLoop,0
ProceduresWithFetchStatement,0
ProcedureTotalCharacters,37545
ProcedureTotalConversionErrors,0
ProcedureTotalLinesOfCode,43
ProcedureTotalOccurrences,5
ProcedureTotalParsingErrors,0
ProcedureTotalWarnings,151
ProductName,Mobilize.Snow.Assessment
ResolveDependencyTime,0
RunAsAdmin,Data not provided
ScalarFunctionLoc,0
SequenceCharacterConversionRate,0
SequenceFullyConvertedOccurrences,0
SequenceLoCConversionRate,0
SequenceObjectConversionRate,0
SequenceTotalCharacters,0
SequenceTotalConversionErrors,0
SequenceTotalLinesOfCode,0
SequenceTotalOccurrences,0
SequenceTotalParsingErrors,0
SequenceTotalWarnings,0
SingleStatementFunctionCount,0
SingleStatementUDTFCount,0
SnowflakeAccountIdentifier,SFCOGSOPS-SNOWHOUSE_AWS_US_WEST_2
SnowflakeUser,ENIRINGIYIMANA
SnowScript,True
SourceLanguage,RedShift
SqlCharacterConversionRate,26.04
SqlFileCount,27
SqlFilesConversionRate,100
SqlFilesNotGenerated,0
SqlFullyConvertedOccurrences,19
SqlFunctionCharacterConversionRate,0
SqlFunctionFullyConvertedOccurrences,0
SqlFunctionLoCConversionRate,0
SqlFunctionObjectConversionRate,0
SqlFunctionTotalCharacters,0
SqlFunctionTotalConversionErrors,0
SqlFunctionTotalLinesOfCode,0
SqlFunctionTotalOccurrences,0
SqlFunctionTotalParsingErrors,0
SqlFunctionTotalWarnings,0
SqlGrantLoCConversionRate,0
SqlGrantObjectConversionRate,0
SqlGrantTotalLinesOfCode,0
SqlGrantTotalOccurrences,0
SqlGrantTotalParsingErrors,0
SqlLinesCount,210
SqlLoCConversionRate,96.19
SqlProcedureCharacterConversionRate,14.09
SqlProcedureFullyConvertedOccurrences,2
SqlProcedureLoCConversionRate,93.02
SqlProcedureObjectConversionRate,40
SqlProcedureTotalCharacters,37545
SqlProcedureTotalConversionErrors,0
SqlProcedureTotalLinesOfCode,43
SqlProcedureTotalOccurrences,5
SqlProcedureTotalParsingErrors,0
SqlProcedureTotalWarnings,151
SqlRevokeLoCConversionRate,0
SqlRevokeObjectConversionRate,0
SqlRevokeTotalLinesOfCode,0
SqlRevokeTotalOccurrences,0
SqlRevokeTotalParsingErrors,0
SqlSizeMB,0.04MB
SqlTableCharacterConversionRate,100
SqlTableFullyConvertedOccurrences,9
SqlTableLoCConversionRate,100
SqlTableObjectConversionRate,100
SqlTableTotalCharacters,3755
SqlTableTotalConversionErrors,0
SqlTableTotalLinesOfCode,112
SqlTableTotalOccurrences,9
SqlTableTotalParsingErrors,0
SqlTableTotalWarnings,8
SqlTotalCharacters,43648
SqlTotalConversionErrors,0
SqlTotalOccurrences,27
SqlTotalParsingErrors,5
SqlTotalWarnings,161
SqlTypeCharacterConversionRate,0
SqlTypeFullyConvertedOccurrences,0
SqlTypeLoCConversionRate,0
SqlTypeObjectConversionRate,0
SqlTypeTotalCharacters,0
SqlTypeTotalConversionErrors,0
SqlTypeTotalLinesOfCode,0
SqlTypeTotalOccurrences,0
SqlTypeTotalParsingErrors,0
SqlTypeTotalWarnings,0
SqlUnrecognizedElementsLOC,5
SqlViewCharacterConversionRate,100
SqlViewFullyConvertedOccurrences,3
SqlViewLoCConversionRate,100
SqlViewObjectConversionRate,100
SqlViewTotalCharacters,1245
SqlViewTotalConversionErrors,0
SqlViewTotalLinesOfCode,20
SqlViewTotalOccurrences,3
SqlViewTotalParsingErrors,0
SqlViewTotalWarnings,0
StartConversion,2026/08/12 12:38:56 -05:00
SystemCPU,Data not provided
SystemRAM,Data not provided
TableCharacterConversionRate,100
TableFullyConvertedOccurrences,9
TableLoCConversionRate,100
TableObjectConversionRate,100
TablesTransformationTarget,Regular
TableTotalCharacters,3755
TableTotalConversionErrors,0
TableTotalLinesOfCode,112
TableTotalOccurrences,9
TableTotalParsingErrors,0
TableTotalWarnings,8
TableValuedFunctionsLOC,0
TotalCharacterConversionRate,26.04
TotalCodeUnits,27
TotalConversionErrors,0
TotalConvertedLines,202
TotalErrors,151
TotalFiles,27
TotalFilesNotGenerated,0
TotalIdentifiedObjects,20
TotalInvalidFiles,0
TotalLinesOfCode,210
TotalLoCConversionRate,96.19
TotalMissingObjectReferences,18
TotalNonParsingTransformationExceptions,0
TotalOtherEWIs,146
TotalParsingErrors,5
TotalParsingEWIs,5
TotalPowerBiFiles,0
TotalSize,44.64KB
TotalValidatedFiles,0
TotalWarnings,6
TransformationTime,0.36259
TriggerLinesOfCode,0
Triggers,0
TypeAliasCount,0
TypeArrayCount,0
TypeObjectCount,0
UniqueFDMs,3
UniqueMissingObjectReferences,8
UniqueOtherCriticalIssues,0
UniqueParsingIssues,1
UniquePRFs,0
UnrecognizedElements,5
UnrecognizedElementsLOC,5
UnScopeCFunctionsLoC,0
UnScopeCFunctionsObjects,0
UnScopeCProceduresLoC,0
UnScopeCProceduresObjects,0
UnScopeJavaFunctionsLoC,0
UnScopeJavaFunctionsObjects,0
UnScopeJavaProceduresLoC,0
UnScopeJavaProceduresObjects,0
UseIntervalDatatype,False
ViewCharacterConversionRate,100
ViewFullyConvertedOccurrences,3
ViewLoCConversionRate,100
ViewObjectConversionRate,100
ViewTotalCharacters,1245
ViewTotalConversionErrors,0
ViewTotalLinesOfCode,20
ViewTotalOccurrences,3
ViewTotalParsingErrors,0
ViewTotalWarnings,0
WorkloadName,
