SessionID,Severity,Code,Name,Description,ParentFile,Line,Column,Code Unit Database,Code Unit Schema,Code Unit Package,Code Unit Name,Code Unit Id,Code Unit,Code Unit Size,SourceLanguage,MigrationID
53b2786d-0a21-49d8-9dc6-c4748d4df71c,Critical,SSC-EWI-0001,Error parsing the source code,UNRECOGNIZED TOKEN ON LINE '1' COLUMN '60' OF THE SOURCE CODE STARTING AT ':'. EXPECTED 'STATEMENT' GRAMMAR.,vevodb/schema/staging.sql,1,60,N/A,N/A,N/A,N/A,N/A,N/A,N/A,RedShift,DvefAe5IK3+lJQ1/aClvvQ==
53b2786d-0a21-49d8-9dc6-c4748d4df71c,Critical,SSC-EWI-0001,Error parsing the source code,UNRECOGNIZED TOKEN ON LINE '1' COLUMN '62' OF THE SOURCE CODE STARTING AT ':'. EXPECTED 'STATEMENT' GRAMMAR.,vevodb/schema/analytics.sql,1,62,N/A,N/A,N/A,N/A,N/A,N/A,N/A,RedShift,DvefAe5IK3+lJQ1/aClvvQ==
53b2786d-0a21-49d8-9dc6-c4748d4df71c,Critical,SSC-EWI-0001,Error parsing the source code,UNRECOGNIZED TOKEN ON LINE '1' COLUMN '66' OF THE SOURCE CODE STARTING AT ':'. EXPECTED 'STATEMENT' GRAMMAR.,vevodb/schema/spectrum_data.sql,1,66,N/A,N/A,N/A,N/A,N/A,N/A,N/A,RedShift,DvefAe5IK3+lJQ1/aClvvQ==
53b2786d-0a21-49d8-9dc6-c4748d4df71c,Critical,SSC-EWI-0001,Error parsing the source code,UNRECOGNIZED TOKEN ON LINE '1' COLUMN '66' OF THE SOURCE CODE STARTING AT ':'. EXPECTED 'STATEMENT' GRAMMAR.,vevodb/schema/music_catalog.sql,1,66,N/A,N/A,N/A,N/A,N/A,N/A,N/A,RedShift,DvefAe5IK3+lJQ1/aClvvQ==
53b2786d-0a21-49d8-9dc6-c4748d4df71c,Critical,SSC-EWI-0001,Error parsing the source code,UNRECOGNIZED TOKEN ON LINE '1' COLUMN '63' OF THE SOURCE CODE STARTING AT ':'. EXPECTED 'STATEMENT' GRAMMAR.,vevodb/schema/operations.sql,1,63,N/A,N/A,N/A,N/A,N/A,N/A,N/A,RedShift,DvefAe5IK3+lJQ1/aClvvQ==
53b2786d-0a21-49d8-9dc6-c4748d4df71c,Medium,SSC-EWI-0073,Pending Functional Equivalence Review,PENDING FUNCTIONAL EQUIVALENCE REVIEW FOR 'RefreshMaterializedView' NODE,vevodb/analytics/procedure/sp_refresh_daily_summary.sql,5,3,vevodb,analytics,N/A,sp_refresh_daily_summary(DATE),vevodb.analytics.sp_refresh_daily_summary(DATE),CREATE PROCEDURE,XS,RedShift,DvefAe5IK3+lJQ1/aClvvQ==
53b2786d-0a21-49d8-9dc6-c4748d4df71c,None,SSC-FDM-0031,Dynamic Table required parameters set by default,DYNAMIC TABLE REQUIRED PARAMETERS SET BY DEFAULT,vevodb/analytics/materializedview/mv_daily_revenue_summary.sql,2,0,vevodb,analytics,N/A,mv_daily_revenue_summary,vevodb.analytics.mv_daily_revenue_summary,CREATE MATERIALIZED VIEW,XS,RedShift,DvefAe5IK3+lJQ1/aClvvQ==
53b2786d-0a21-49d8-9dc6-c4748d4df71c,None,SSC-FDM-0031,Dynamic Table required parameters set by default,DYNAMIC TABLE REQUIRED PARAMETERS SET BY DEFAULT,vevodb/operations/materializedview/mv_advertiser_spend.sql,2,0,vevodb,operations,N/A,mv_advertiser_spend,vevodb.operations.mv_advertiser_spend,CREATE MATERIALIZED VIEW,XS,RedShift,DvefAe5IK3+lJQ1/aClvvQ==
53b2786d-0a21-49d8-9dc6-c4748d4df71c,Medium,SSC-EWI-0073,Pending Functional Equivalence Review,PENDING FUNCTIONAL EQUIVALENCE REVIEW FOR 'DollarStringLiteralExpr' NODE,vevodb/operations/procedure/mv_sp__mv_advertiser_spend__4_2_cascade.sql,3,44,vevodb,operations,N/A,"mv_sp__mv_advertiser_spend__4_2_cascade(BIGINT,BIGINT,BOOLEAN,CHARACTER VARYING,BIGINT,CHARACTER VARYING)","vevodb.operations.mv_sp__mv_advertiser_spend__4_2_cascade(BIGINT,BIGINT,BOOLEAN,CHARACTER VARYING,BIGINT,CHARACTER VARYING)",CREATE PROCEDURE,XS,RedShift,DvefAe5IK3+lJQ1/aClvvQ==
53b2786d-0a21-49d8-9dc6-c4748d4df71c,Medium,SSC-EWI-0073,Pending Functional Equivalence Review,PENDING FUNCTIONAL EQUIVALENCE REVIEW FOR 'DollarStringLiteralExpr' NODE,vevodb/operations/procedure/mv_sp__mv_advertiser_spend__4_2_cascade.sql,3,695,vevodb,operations,N/A,"mv_sp__mv_advertiser_spend__4_2_cascade(BIGINT,BIGINT,BOOLEAN,CHARACTER VARYING,BIGINT,CHARACTER VARYING)","vevodb.operations.mv_sp__mv_advertiser_spend__4_2_cascade(BIGINT,BIGINT,BOOLEAN,CHARACTER VARYING,BIGINT,CHARACTER VARYING)",CREATE PROCEDURE,XS,RedShift,DvefAe5IK3+lJQ1/aClvvQ==
53b2786d-0a21-49d8-9dc6-c4748d4df71c,Medium,SSC-EWI-0073,Pending Functional Equivalence Review,PENDING FUNCTIONAL EQUIVALENCE REVIEW FOR 'DollarStringLiteralExpr' NODE,vevodb/operations/procedure/mv_sp__mv_advertiser_spend__4_2_cascade.sql,3,823,vevodb,operations,N/A,"mv_sp__mv_advertiser_spend__4_2_cascade(BIGINT,BIGINT,BOOLEAN,CHARACTER VARYING,BIGINT,CHARACTER VARYING)","vevodb.operations.mv_sp__mv_advertiser_spend__4_2_cascade(BIGINT,BIGINT,BOOLEAN,CHARACTER VARYING,BIGINT,CHARACTER VARYING)",CREATE PROCEDURE,XS,RedShift,DvefAe5IK3+lJQ1/aClvvQ==
53b2786d-0a21-49d8-9dc6-c4748d4df71c,Medium,SSC-EWI-0073,Pending Functional Equivalence Review,PENDING FUNCTIONAL EQUIVALENCE REVIEW FOR 'DollarStringLiteralExpr' NODE,vevodb/operations/procedure/mv_sp__mv_advertiser_spend__4_2_cascade.sql,3,958,vevodb,operations,N/A,"mv_sp__mv_advertiser_spend__4_2_cascade(BIGINT,BIGINT,BOOLEAN,CHARACTER VARYING,BIGINT,CHARACTER VARYING)","vevodb.operations.mv_sp__mv_advertiser_spend__4_2_cascade(BIGINT,BIGINT,BOOLEAN,CHARACTER VARYING,BIGINT,CHARACTER VARYING)",CREATE PROCEDURE,XS,RedShift,DvefAe5IK3+lJQ1/aClvvQ==
53b2786d-0a21-49d8-9dc6-c4748d4df71c,Medium,SSC-EWI-0073,Pending Functional Equivalence Review,PENDING FUNCTIONAL EQUIVALENCE REVIEW FOR 'DollarStringLiteralExpr' NODE,vevodb/operations/procedure/mv_sp__mv_advertiser_spend__4_2_cascade.sql,3,1059,vevodb,operations,N/A,"mv_sp__mv_advertiser_spend__4_2_cascade(BIGINT,BIGINT,BOOLEAN,CHARACTER VARYING,BIGINT,CHARACTER VARYING)","vevodb.operations.mv_sp__mv_advertiser_spend__4_2_cascade(BIGINT,BIGINT,BOOLEAN,CHARACTER VARYING,BIGINT,CHARACTER VARYING)",CREATE PROCEDURE,XS,RedShift,DvefAe5IK3+lJQ1/aClvvQ==
53b2786d-0a21-49d8-9dc6-c4748d4df71c,Medium,SSC-EWI-0073,Pending Functional Equivalence Review,PENDING FUNCTIONAL EQUIVALENCE REVIEW FOR 'DollarStringLiteralExpr' NODE,vevodb/operations/procedure/mv_sp__mv_advertiser_spend__4_2_cascade.sql,3,1190,vevodb,operations,N/A,"mv_sp__mv_advertiser_spend__4_2_cascade(BIGINT,BIGINT,BOOLEAN,CHARACTER VARYING,BIGINT,CHARACTER VARYING)","vevodb.operations.mv_sp__mv_advertiser_spend__4_2_cascade(BIGINT,BIGINT,BOOLEAN,CHARACTER VARYING,BIGINT,CHARACTER VARYING)",CREATE PROCEDURE,XS,RedShift,DvefAe5IK3+lJQ1/aClvvQ==
53b2786d-0a21-49d8-9dc6-c4748d4df71c,Medium,SSC-EWI-0073,Pending Functional Equivalence Review,PENDING FUNCTIONAL EQUIVALENCE REVIEW FOR 'DollarStringLiteralExpr' NODE,vevodb/operations/procedure/mv_sp__mv_advertiser_spend__4_2_cascade.sql,3,1362,vevodb,operations,N/A,"mv_sp__mv_advertiser_spend__4_2_cascade(BIGINT,BIGINT,BOOLEAN,CHARACTER VARYING,BIGINT,CHARACTER VARYING)","vevodb.operations.mv_sp__mv_advertiser_spend__4_2_cascade(BIGINT,BIGINT,BOOLEAN,CHARACTER VARYING,BIGINT,CHARACTER VARYING)",CREATE PROCEDURE,XS,RedShift,DvefAe5IK3+lJQ1/aClvvQ==
53b2786d-0a21-49d8-9dc6-c4748d4df71c,Medium,SSC-EWI-0073,Pending Functional Equivalence Review,PENDING FUNCTIONAL EQUIVALENCE REVIEW FOR 'DollarStringLiteralExpr' NODE,vevodb/operations/procedure/mv_sp__mv_advertiser_spend__4_2_cascade.sql,3,1497,vevodb,operations,N/A,"mv_sp__mv_advertiser_spend__4_2_cascade(BIGINT,BIGINT,BOOLEAN,CHARACTER VARYING,BIGINT,CHARACTER VARYING)","vevodb.operations.mv_sp__mv_advertiser_spend__4_2_cascade(BIGINT,BIGINT,BOOLEAN,CHARACTER VARYING,BIGINT,CHARACTER VARYING)",CREATE PROCEDURE,XS,RedShift,DvefAe5IK3+lJQ1/aClvvQ==
53b2786d-0a21-49d8-9dc6-c4748d4df71c,Medium,SSC-EWI-0073,Pending Functional Equivalence Review,PENDING FUNCTIONAL EQUIVALENCE REVIEW FOR 'DollarStringLiteralExpr' NODE,vevodb/operations/procedure/mv_sp__mv_advertiser_spend__4_2_cascade.sql,3,1625,vevodb,operations,N/A,"mv_sp__mv_advertiser_spend__4_2_cascade(BIGINT,BIGINT,BOOLEAN,CHARACTER VARYING,BIGINT,CHARACTER VARYING)","vevodb.operations.mv_sp__mv_advertiser_spend__4_2_cascade(BIGINT,BIGINT,BOOLEAN,CHARACTER VARYING,BIGINT,CHARACTER VARYING)",CREATE PROCEDURE,XS,RedShift,DvefAe5IK3+lJQ1/aClvvQ==
53b2786d-0a21-49d8-9dc6-c4748d4df71c,Medium,SSC-EWI-0073,Pending Functional Equivalence Review,PENDING FUNCTIONAL EQUIVALENCE REVIEW FOR 'DollarStringLiteralExpr' NODE,vevodb/operations/procedure/mv_sp__mv_advertiser_spend__4_2_cascade.sql,3,1760,vevodb,operations,N/A,"mv_sp__mv_advertiser_spend__4_2_cascade(BIGINT,BIGINT,BOOLEAN,CHARACTER VARYING,BIGINT,CHARACTER VARYING)","vevodb.operations.mv_sp__mv_advertiser_spend__4_2_cascade(BIGINT,BIGINT,BOOLEAN,CHARACTER VARYING,BIGINT,CHARACTER VARYING)",CREATE PROCEDURE,XS,RedShift,DvefAe5IK3+lJQ1/aClvvQ==
53b2786d-0a21-49d8-9dc6-c4748d4df71c,Medium,SSC-EWI-0073,Pending Functional Equivalence Review,PENDING FUNCTIONAL EQUIVALENCE REVIEW FOR 'DollarStringLiteralExpr' NODE,vevodb/operations/procedure/mv_sp__mv_advertiser_spend__4_2_cascade.sql,3,1861,vevodb,operations,N/A,"mv_sp__mv_advertiser_spend__4_2_cascade(BIGINT,BIGINT,BOOLEAN,CHARACTER VARYING,BIGINT,CHARACTER VARYING)","vevodb.operations.mv_sp__mv_advertiser_spend__4_2_cascade(BIGINT,BIGINT,BOOLEAN,CHARACTER VARYING,BIGINT,CHARACTER VARYING)",CREATE PROCEDURE,XS,RedShift,DvefAe5IK3+lJQ1/aClvvQ==
53b2786d-0a21-49d8-9dc6-c4748d4df71c,Medium,SSC-EWI-0073,Pending Functional Equivalence Review,PENDING FUNCTIONAL EQUIVALENCE REVIEW FOR 'DollarStringLiteralExpr' NODE,vevodb/operations/procedure/mv_sp__mv_advertiser_spend__4_2_cascade.sql,3,1992,vevodb,operations,N/A,"mv_sp__mv_advertiser_spend__4_2_cascade(BIGINT,BIGINT,BOOLEAN,CHARACTER VARYING,BIGINT,CHARACTER VARYING)","vevodb.operations.mv_sp__mv_advertiser_spend__4_2_cascade(BIGINT,BIGINT,BOOLEAN,CHARACTER VARYING,BIGINT,CHARACTER VARYING)",CREATE PROCEDURE,XS,RedShift,DvefAe5IK3+lJQ1/aClvvQ==
53b2786d-0a21-49d8-9dc6-c4748d4df71c,Medium,SSC-EWI-0073,Pending Functional Equivalence Review,PENDING FUNCTIONAL EQUIVALENCE REVIEW FOR 'DollarStringLiteralExpr' NODE,vevodb/operations/procedure/mv_sp__mv_advertiser_spend__4_2_cascade.sql,3,2164,vevodb,operations,N/A,"mv_sp__mv_advertiser_spend__4_2_cascade(BIGINT,BIGINT,BOOLEAN,CHARACTER VARYING,BIGINT,CHARACTER VARYING)","vevodb.operations.mv_sp__mv_advertiser_spend__4_2_cascade(BIGINT,BIGINT,BOOLEAN,CHARACTER VARYING,BIGINT,CHARACTER VARYING)",CREATE PROCEDURE,XS,RedShift,DvefAe5IK3+lJQ1/aClvvQ==
53b2786d-0a21-49d8-9dc6-c4748d4df71c,Medium,SSC-EWI-0027,Variable with invalid query,THE FOLLOWING STATEMENT USES A VARIABLE/LITERAL WITH AN INVALID QUERY AND IT WILL NOT BE EXECUTED,vevodb/operations/procedure/mv_sp__mv_advertiser_spend__4_2_cascade.sql,3,36,vevodb,operations,N/A,"mv_sp__mv_advertiser_spend__4_2_cascade(BIGINT,BIGINT,BOOLEAN,CHARACTER VARYING,BIGINT,CHARACTER VARYING)","vevodb.operations.mv_sp__mv_advertiser_spend__4_2_cascade(BIGINT,BIGINT,BOOLEAN,CHARACTER VARYING,BIGINT,CHARACTER VARYING)",CREATE PROCEDURE,XS,RedShift,DvefAe5IK3+lJQ1/aClvvQ==
53b2786d-0a21-49d8-9dc6-c4748d4df71c,Medium,SSC-EWI-0073,Pending Functional Equivalence Review,PENDING FUNCTIONAL EQUIVALENCE REVIEW FOR 'FunctionCast' NODE,vevodb/operations/procedure/mv_sp__mv_advertiser_spend__4_2_cascade.sql,3,2584,vevodb,operations,N/A,"mv_sp__mv_advertiser_spend__4_2_cascade(BIGINT,BIGINT,BOOLEAN,CHARACTER VARYING,BIGINT,CHARACTER VARYING)","vevodb.operations.mv_sp__mv_advertiser_spend__4_2_cascade(BIGINT,BIGINT,BOOLEAN,CHARACTER VARYING,BIGINT,CHARACTER VARYING)",CREATE PROCEDURE,XS,RedShift,DvefAe5IK3+lJQ1/aClvvQ==
53b2786d-0a21-49d8-9dc6-c4748d4df71c,Medium,SSC-EWI-0073,Pending Functional Equivalence Review,PENDING FUNCTIONAL EQUIVALENCE REVIEW FOR 'AlterTableRename' NODE,vevodb/operations/procedure/mv_sp__mv_advertiser_spend__4_2_cascade.sql,3,3009,vevodb,operations,N/A,"mv_sp__mv_advertiser_spend__4_2_cascade(BIGINT,BIGINT,BOOLEAN,CHARACTER VARYING,BIGINT,CHARACTER VARYING)","vevodb.operations.mv_sp__mv_advertiser_spend__4_2_cascade(BIGINT,BIGINT,BOOLEAN,CHARACTER VARYING,BIGINT,CHARACTER VARYING)",CREATE PROCEDURE,XS,RedShift,DvefAe5IK3+lJQ1/aClvvQ==
53b2786d-0a21-49d8-9dc6-c4748d4df71c,Medium,SSC-EWI-0073,Pending Functional Equivalence Review,PENDING FUNCTIONAL EQUIVALENCE REVIEW FOR 'FunctionCast' NODE,vevodb/operations/procedure/mv_sp__mv_advertiser_spend__4_2_cascade.sql,3,3319,vevodb,operations,N/A,"mv_sp__mv_advertiser_spend__4_2_cascade(BIGINT,BIGINT,BOOLEAN,CHARACTER VARYING,BIGINT,CHARACTER VARYING)","vevodb.operations.mv_sp__mv_advertiser_spend__4_2_cascade(BIGINT,BIGINT,BOOLEAN,CHARACTER VARYING,BIGINT,CHARACTER VARYING)",CREATE PROCEDURE,XS,RedShift,DvefAe5IK3+lJQ1/aClvvQ==
53b2786d-0a21-49d8-9dc6-c4748d4df71c,None,SSC-FDM-0019,Semantic information could not be loaded.,"SEMANTIC INFORMATION COULD NOT BE LOADED FOR ""operations"".""mv_advertiser_spend"". CHECK IF THE NAME IS INVALID OR DUPLICATED.",vevodb/operations/procedure/mv_sp__mv_advertiser_spend__4_2_cascade.sql,3,3053,vevodb,operations,N/A,"mv_sp__mv_advertiser_spend__4_2_cascade(BIGINT,BIGINT,BOOLEAN,CHARACTER VARYING,BIGINT,CHARACTER VARYING)","vevodb.operations.mv_sp__mv_advertiser_spend__4_2_cascade(BIGINT,BIGINT,BOOLEAN,CHARACTER VARYING,BIGINT,CHARACTER VARYING)",CREATE PROCEDURE,XS,RedShift,DvefAe5IK3+lJQ1/aClvvQ==
53b2786d-0a21-49d8-9dc6-c4748d4df71c,Medium,SSC-EWI-0073,Pending Functional Equivalence Review,PENDING FUNCTIONAL EQUIVALENCE REVIEW FOR 'DollarStringLiteralExpr' NODE,vevodb/operations/procedure/mv_sp__mv_advertiser_spend__4_2_cascade.sql,3,3619,vevodb,operations,N/A,"mv_sp__mv_advertiser_spend__4_2_cascade(BIGINT,BIGINT,BOOLEAN,CHARACTER VARYING,BIGINT,CHARACTER VARYING)","vevodb.operations.mv_sp__mv_advertiser_spend__4_2_cascade(BIGINT,BIGINT,BOOLEAN,CHARACTER VARYING,BIGINT,CHARACTER VARYING)",CREATE PROCEDURE,XS,RedShift,DvefAe5IK3+lJQ1/aClvvQ==
53b2786d-0a21-49d8-9dc6-c4748d4df71c,Medium,SSC-EWI-0073,Pending Functional Equivalence Review,PENDING FUNCTIONAL EQUIVALENCE REVIEW FOR 'DollarStringLiteralExpr' NODE,vevodb/operations/procedure/mv_sp__mv_advertiser_spend__4_2_cascade.sql,3,4780,vevodb,operations,N/A,"mv_sp__mv_advertiser_spend__4_2_cascade(BIGINT,BIGINT,BOOLEAN,CHARACTER VARYING,BIGINT,CHARACTER VARYING)","vevodb.operations.mv_sp__mv_advertiser_spend__4_2_cascade(BIGINT,BIGINT,BOOLEAN,CHARACTER VARYING,BIGINT,CHARACTER VARYING)",CREATE PROCEDURE,XS,RedShift,DvefAe5IK3+lJQ1/aClvvQ==
53b2786d-0a21-49d8-9dc6-c4748d4df71c,Medium,SSC-EWI-0073,Pending Functional Equivalence Review,PENDING FUNCTIONAL EQUIVALENCE REVIEW FOR 'DollarStringLiteralExpr' NODE,vevodb/operations/procedure/mv_sp__mv_advertiser_spend__4_2_cascade.sql,3,4908,vevodb,operations,N/A,"mv_sp__mv_advertiser_spend__4_2_cascade(BIGINT,BIGINT,BOOLEAN,CHARACTER VARYING,BIGINT,CHARACTER VARYING)","vevodb.operations.mv_sp__mv_advertiser_spend__4_2_cascade(BIGINT,BIGINT,BOOLEAN,CHARACTER VARYING,BIGINT,CHARACTER VARYING)",CREATE PROCEDURE,XS,RedShift,DvefAe5IK3+lJQ1/aClvvQ==
53b2786d-0a21-49d8-9dc6-c4748d4df71c,Medium,SSC-EWI-0073,Pending Functional Equivalence Review,PENDING FUNCTIONAL EQUIVALENCE REVIEW FOR 'DollarStringLiteralExpr' NODE,vevodb/operations/procedure/mv_sp__mv_advertiser_spend__4_2_cascade.sql,3,5010,vevodb,operations,N/A,"mv_sp__mv_advertiser_spend__4_2_cascade(BIGINT,BIGINT,BOOLEAN,CHARACTER VARYING,BIGINT,CHARACTER VARYING)","vevodb.operations.mv_sp__mv_advertiser_spend__4_2_cascade(BIGINT,BIGINT,BOOLEAN,CHARACTER VARYING,BIGINT,CHARACTER VARYING)",CREATE PROCEDURE,XS,RedShift,DvefAe5IK3+lJQ1/aClvvQ==
53b2786d-0a21-49d8-9dc6-c4748d4df71c,Medium,SSC-EWI-0073,Pending Functional Equivalence Review,PENDING FUNCTIONAL EQUIVALENCE REVIEW FOR 'DollarStringLiteralExpr' NODE,vevodb/operations/procedure/mv_sp__mv_advertiser_spend__4_2_cascade.sql,3,5141,vevodb,operations,N/A,"mv_sp__mv_advertiser_spend__4_2_cascade(BIGINT,BIGINT,BOOLEAN,CHARACTER VARYING,BIGINT,CHARACTER VARYING)","vevodb.operations.mv_sp__mv_advertiser_spend__4_2_cascade(BIGINT,BIGINT,BOOLEAN,CHARACTER VARYING,BIGINT,CHARACTER VARYING)",CREATE PROCEDURE,XS,RedShift,DvefAe5IK3+lJQ1/aClvvQ==
53b2786d-0a21-49d8-9dc6-c4748d4df71c,Medium,SSC-EWI-0073,Pending Functional Equivalence Review,PENDING FUNCTIONAL EQUIVALENCE REVIEW FOR 'DollarStringLiteralExpr' NODE,vevodb/operations/procedure/mv_sp__mv_advertiser_spend__4_2_cascade.sql,3,5275,vevodb,operations,N/A,"mv_sp__mv_advertiser_spend__4_2_cascade(BIGINT,BIGINT,BOOLEAN,CHARACTER VARYING,BIGINT,CHARACTER VARYING)","vevodb.operations.mv_sp__mv_advertiser_spend__4_2_cascade(BIGINT,BIGINT,BOOLEAN,CHARACTER VARYING,BIGINT,CHARACTER VARYING)",CREATE PROCEDURE,XS,RedShift,DvefAe5IK3+lJQ1/aClvvQ==
53b2786d-0a21-49d8-9dc6-c4748d4df71c,Medium,SSC-EWI-0073,Pending Functional Equivalence Review,PENDING FUNCTIONAL EQUIVALENCE REVIEW FOR 'DollarStringLiteralExpr' NODE,vevodb/operations/procedure/mv_sp__mv_advertiser_spend__4_2_cascade.sql,3,5384,vevodb,operations,N/A,"mv_sp__mv_advertiser_spend__4_2_cascade(BIGINT,BIGINT,BOOLEAN,CHARACTER VARYING,BIGINT,CHARACTER VARYING)","vevodb.operations.mv_sp__mv_advertiser_spend__4_2_cascade(BIGINT,BIGINT,BOOLEAN,CHARACTER VARYING,BIGINT,CHARACTER VARYING)",CREATE PROCEDURE,XS,RedShift,DvefAe5IK3+lJQ1/aClvvQ==
53b2786d-0a21-49d8-9dc6-c4748d4df71c,Medium,SSC-EWI-0073,Pending Functional Equivalence Review,PENDING FUNCTIONAL EQUIVALENCE REVIEW FOR 'DollarStringLiteralExpr' NODE,vevodb/operations/procedure/mv_sp__mv_advertiser_spend__4_2_cascade.sql,3,5525,vevodb,operations,N/A,"mv_sp__mv_advertiser_spend__4_2_cascade(BIGINT,BIGINT,BOOLEAN,CHARACTER VARYING,BIGINT,CHARACTER VARYING)","vevodb.operations.mv_sp__mv_advertiser_spend__4_2_cascade(BIGINT,BIGINT,BOOLEAN,CHARACTER VARYING,BIGINT,CHARACTER VARYING)",CREATE PROCEDURE,XS,RedShift,DvefAe5IK3+lJQ1/aClvvQ==
53b2786d-0a21-49d8-9dc6-c4748d4df71c,Medium,SSC-EWI-0073,Pending Functional Equivalence Review,PENDING FUNCTIONAL EQUIVALENCE REVIEW FOR 'DollarStringLiteralExpr' NODE,vevodb/operations/procedure/mv_sp__mv_advertiser_spend__4_2_cascade.sql,3,5660,vevodb,operations,N/A,"mv_sp__mv_advertiser_spend__4_2_cascade(BIGINT,BIGINT,BOOLEAN,CHARACTER VARYING,BIGINT,CHARACTER VARYING)","vevodb.operations.mv_sp__mv_advertiser_spend__4_2_cascade(BIGINT,BIGINT,BOOLEAN,CHARACTER VARYING,BIGINT,CHARACTER VARYING)",CREATE PROCEDURE,XS,RedShift,DvefAe5IK3+lJQ1/aClvvQ==
53b2786d-0a21-49d8-9dc6-c4748d4df71c,Medium,SSC-EWI-0073,Pending Functional Equivalence Review,PENDING FUNCTIONAL EQUIVALENCE REVIEW FOR 'DollarStringLiteralExpr' NODE,vevodb/operations/procedure/mv_sp__mv_advertiser_spend__4_2_cascade.sql,3,5760,vevodb,operations,N/A,"mv_sp__mv_advertiser_spend__4_2_cascade(BIGINT,BIGINT,BOOLEAN,CHARACTER VARYING,BIGINT,CHARACTER VARYING)","vevodb.operations.mv_sp__mv_advertiser_spend__4_2_cascade(BIGINT,BIGINT,BOOLEAN,CHARACTER VARYING,BIGINT,CHARACTER VARYING)",CREATE PROCEDURE,XS,RedShift,DvefAe5IK3+lJQ1/aClvvQ==
53b2786d-0a21-49d8-9dc6-c4748d4df71c,Medium,SSC-EWI-0073,Pending Functional Equivalence Review,PENDING FUNCTIONAL EQUIVALENCE REVIEW FOR 'DollarStringLiteralExpr' NODE,vevodb/operations/procedure/mv_sp__mv_advertiser_spend__4_2_cascade.sql,3,5891,vevodb,operations,N/A,"mv_sp__mv_advertiser_spend__4_2_cascade(BIGINT,BIGINT,BOOLEAN,CHARACTER VARYING,BIGINT,CHARACTER VARYING)","vevodb.operations.mv_sp__mv_advertiser_spend__4_2_cascade(BIGINT,BIGINT,BOOLEAN,CHARACTER VARYING,BIGINT,CHARACTER VARYING)",CREATE PROCEDURE,XS,RedShift,DvefAe5IK3+lJQ1/aClvvQ==
53b2786d-0a21-49d8-9dc6-c4748d4df71c,Medium,SSC-EWI-0073,Pending Functional Equivalence Review,PENDING FUNCTIONAL EQUIVALENCE REVIEW FOR 'DollarStringLiteralExpr' NODE,vevodb/operations/procedure/mv_sp__mv_advertiser_spend__4_2_cascade.sql,3,6051,vevodb,operations,N/A,"mv_sp__mv_advertiser_spend__4_2_cascade(BIGINT,BIGINT,BOOLEAN,CHARACTER VARYING,BIGINT,CHARACTER VARYING)","vevodb.operations.mv_sp__mv_advertiser_spend__4_2_cascade(BIGINT,BIGINT,BOOLEAN,CHARACTER VARYING,BIGINT,CHARACTER VARYING)",CREATE PROCEDURE,XS,RedShift,DvefAe5IK3+lJQ1/aClvvQ==
53b2786d-0a21-49d8-9dc6-c4748d4df71c,Medium,SSC-EWI-0073,Pending Functional Equivalence Review,PENDING FUNCTIONAL EQUIVALENCE REVIEW FOR 'DollarStringLiteralExpr' NODE,vevodb/operations/procedure/mv_sp__mv_advertiser_spend__4_2_cascade.sql,3,6156,vevodb,operations,N/A,"mv_sp__mv_advertiser_spend__4_2_cascade(BIGINT,BIGINT,BOOLEAN,CHARACTER VARYING,BIGINT,CHARACTER VARYING)","vevodb.operations.mv_sp__mv_advertiser_spend__4_2_cascade(BIGINT,BIGINT,BOOLEAN,CHARACTER VARYING,BIGINT,CHARACTER VARYING)",CREATE PROCEDURE,XS,RedShift,DvefAe5IK3+lJQ1/aClvvQ==
53b2786d-0a21-49d8-9dc6-c4748d4df71c,Medium,SSC-EWI-0073,Pending Functional Equivalence Review,PENDING FUNCTIONAL EQUIVALENCE REVIEW FOR 'DollarStringLiteralExpr' NODE,vevodb/operations/procedure/mv_sp__mv_advertiser_spend__4_2_cascade.sql,3,6560,vevodb,operations,N/A,"mv_sp__mv_advertiser_spend__4_2_cascade(BIGINT,BIGINT,BOOLEAN,CHARACTER VARYING,BIGINT,CHARACTER VARYING)","vevodb.operations.mv_sp__mv_advertiser_spend__4_2_cascade(BIGINT,BIGINT,BOOLEAN,CHARACTER VARYING,BIGINT,CHARACTER VARYING)",CREATE PROCEDURE,XS,RedShift,DvefAe5IK3+lJQ1/aClvvQ==
53b2786d-0a21-49d8-9dc6-c4748d4df71c,Medium,SSC-EWI-0073,Pending Functional Equivalence Review,PENDING FUNCTIONAL EQUIVALENCE REVIEW FOR 'DollarStringLiteralExpr' NODE,vevodb/operations/procedure/mv_sp__mv_advertiser_spend__4_2_cascade.sql,3,6694,vevodb,operations,N/A,"mv_sp__mv_advertiser_spend__4_2_cascade(BIGINT,BIGINT,BOOLEAN,CHARACTER VARYING,BIGINT,CHARACTER VARYING)","vevodb.operations.mv_sp__mv_advertiser_spend__4_2_cascade(BIGINT,BIGINT,BOOLEAN,CHARACTER VARYING,BIGINT,CHARACTER VARYING)",CREATE PROCEDURE,XS,RedShift,DvefAe5IK3+lJQ1/aClvvQ==
53b2786d-0a21-49d8-9dc6-c4748d4df71c,Medium,SSC-EWI-0073,Pending Functional Equivalence Review,PENDING FUNCTIONAL EQUIVALENCE REVIEW FOR 'DollarStringLiteralExpr' NODE,vevodb/operations/procedure/mv_sp__mv_advertiser_spend__4_2_cascade.sql,3,6810,vevodb,operations,N/A,"mv_sp__mv_advertiser_spend__4_2_cascade(BIGINT,BIGINT,BOOLEAN,CHARACTER VARYING,BIGINT,CHARACTER VARYING)","vevodb.operations.mv_sp__mv_advertiser_spend__4_2_cascade(BIGINT,BIGINT,BOOLEAN,CHARACTER VARYING,BIGINT,CHARACTER VARYING)",CREATE PROCEDURE,XS,RedShift,DvefAe5IK3+lJQ1/aClvvQ==
53b2786d-0a21-49d8-9dc6-c4748d4df71c,Medium,SSC-EWI-0073,Pending Functional Equivalence Review,PENDING FUNCTIONAL EQUIVALENCE REVIEW FOR 'DollarStringLiteralExpr' NODE,vevodb/operations/procedure/mv_sp__mv_advertiser_spend__4_2_cascade.sql,3,6913,vevodb,operations,N/A,"mv_sp__mv_advertiser_spend__4_2_cascade(BIGINT,BIGINT,BOOLEAN,CHARACTER VARYING,BIGINT,CHARACTER VARYING)","vevodb.operations.mv_sp__mv_advertiser_spend__4_2_cascade(BIGINT,BIGINT,BOOLEAN,CHARACTER VARYING,BIGINT,CHARACTER VARYING)",CREATE PROCEDURE,XS,RedShift,DvefAe5IK3+lJQ1/aClvvQ==
53b2786d-0a21-49d8-9dc6-c4748d4df71c,Medium,SSC-EWI-0073,Pending Functional Equivalence Review,PENDING FUNCTIONAL EQUIVALENCE REVIEW FOR 'DollarStringLiteralExpr' NODE,vevodb/operations/procedure/mv_sp__mv_advertiser_spend__4_2_cascade.sql,3,7022,vevodb,operations,N/A,"mv_sp__mv_advertiser_spend__4_2_cascade(BIGINT,BIGINT,BOOLEAN,CHARACTER VARYING,BIGINT,CHARACTER VARYING)","vevodb.operations.mv_sp__mv_advertiser_spend__4_2_cascade(BIGINT,BIGINT,BOOLEAN,CHARACTER VARYING,BIGINT,CHARACTER VARYING)",CREATE PROCEDURE,XS,RedShift,DvefAe5IK3+lJQ1/aClvvQ==
53b2786d-0a21-49d8-9dc6-c4748d4df71c,Medium,SSC-EWI-0073,Pending Functional Equivalence Review,PENDING FUNCTIONAL EQUIVALENCE REVIEW FOR 'DollarStringLiteralExpr' NODE,vevodb/operations/procedure/mv_sp__mv_advertiser_spend__4_2_cascade.sql,3,7149,vevodb,operations,N/A,"mv_sp__mv_advertiser_spend__4_2_cascade(BIGINT,BIGINT,BOOLEAN,CHARACTER VARYING,BIGINT,CHARACTER VARYING)","vevodb.operations.mv_sp__mv_advertiser_spend__4_2_cascade(BIGINT,BIGINT,BOOLEAN,CHARACTER VARYING,BIGINT,CHARACTER VARYING)",CREATE PROCEDURE,XS,RedShift,DvefAe5IK3+lJQ1/aClvvQ==
53b2786d-0a21-49d8-9dc6-c4748d4df71c,Medium,SSC-EWI-0073,Pending Functional Equivalence Review,PENDING FUNCTIONAL EQUIVALENCE REVIEW FOR 'DollarStringLiteralExpr' NODE,vevodb/operations/procedure/mv_sp__mv_advertiser_spend__4_2_cascade.sql,3,7292,vevodb,operations,N/A,"mv_sp__mv_advertiser_spend__4_2_cascade(BIGINT,BIGINT,BOOLEAN,CHARACTER VARYING,BIGINT,CHARACTER VARYING)","vevodb.operations.mv_sp__mv_advertiser_spend__4_2_cascade(BIGINT,BIGINT,BOOLEAN,CHARACTER VARYING,BIGINT,CHARACTER VARYING)",CREATE PROCEDURE,XS,RedShift,DvefAe5IK3+lJQ1/aClvvQ==
53b2786d-0a21-49d8-9dc6-c4748d4df71c,Medium,SSC-EWI-0073,Pending Functional Equivalence Review,PENDING FUNCTIONAL EQUIVALENCE REVIEW FOR 'DollarStringLiteralExpr' NODE,vevodb/operations/procedure/mv_sp__mv_advertiser_spend__4_2_cascade.sql,3,7427,vevodb,operations,N/A,"mv_sp__mv_advertiser_spend__4_2_cascade(BIGINT,BIGINT,BOOLEAN,CHARACTER VARYING,BIGINT,CHARACTER VARYING)","vevodb.operations.mv_sp__mv_advertiser_spend__4_2_cascade(BIGINT,BIGINT,BOOLEAN,CHARACTER VARYING,BIGINT,CHARACTER VARYING)",CREATE PROCEDURE,XS,RedShift,DvefAe5IK3+lJQ1/aClvvQ==
53b2786d-0a21-49d8-9dc6-c4748d4df71c,Medium,SSC-EWI-0073,Pending Functional Equivalence Review,PENDING FUNCTIONAL EQUIVALENCE REVIEW FOR 'DollarStringLiteralExpr' NODE,vevodb/operations/procedure/mv_sp__mv_advertiser_spend__4_2_cascade.sql,3,7555,vevodb,operations,N/A,"mv_sp__mv_advertiser_spend__4_2_cascade(BIGINT,BIGINT,BOOLEAN,CHARACTER VARYING,BIGINT,CHARACTER VARYING)","vevodb.operations.mv_sp__mv_advertiser_spend__4_2_cascade(BIGINT,BIGINT,BOOLEAN,CHARACTER VARYING,BIGINT,CHARACTER VARYING)",CREATE PROCEDURE,XS,RedShift,DvefAe5IK3+lJQ1/aClvvQ==
53b2786d-0a21-49d8-9dc6-c4748d4df71c,Medium,SSC-EWI-0073,Pending Functional Equivalence Review,PENDING FUNCTIONAL EQUIVALENCE REVIEW FOR 'DollarStringLiteralExpr' NODE,vevodb/operations/procedure/mv_sp__mv_advertiser_spend__4_2_cascade.sql,3,7657,vevodb,operations,N/A,"mv_sp__mv_advertiser_spend__4_2_cascade(BIGINT,BIGINT,BOOLEAN,CHARACTER VARYING,BIGINT,CHARACTER VARYING)","vevodb.operations.mv_sp__mv_advertiser_spend__4_2_cascade(BIGINT,BIGINT,BOOLEAN,CHARACTER VARYING,BIGINT,CHARACTER VARYING)",CREATE PROCEDURE,XS,RedShift,DvefAe5IK3+lJQ1/aClvvQ==
53b2786d-0a21-49d8-9dc6-c4748d4df71c,Medium,SSC-EWI-0073,Pending Functional Equivalence Review,PENDING FUNCTIONAL EQUIVALENCE REVIEW FOR 'DollarStringLiteralExpr' NODE,vevodb/operations/procedure/mv_sp__mv_advertiser_spend__4_2_cascade.sql,3,7788,vevodb,operations,N/A,"mv_sp__mv_advertiser_spend__4_2_cascade(BIGINT,BIGINT,BOOLEAN,CHARACTER VARYING,BIGINT,CHARACTER VARYING)","vevodb.operations.mv_sp__mv_advertiser_spend__4_2_cascade(BIGINT,BIGINT,BOOLEAN,CHARACTER VARYING,BIGINT,CHARACTER VARYING)",CREATE PROCEDURE,XS,RedShift,DvefAe5IK3+lJQ1/aClvvQ==
53b2786d-0a21-49d8-9dc6-c4748d4df71c,Medium,SSC-EWI-0073,Pending Functional Equivalence Review,PENDING FUNCTIONAL EQUIVALENCE REVIEW FOR 'DollarStringLiteralExpr' NODE,vevodb/operations/procedure/mv_sp__mv_advertiser_spend__4_2_cascade.sql,3,7922,vevodb,operations,N/A,"mv_sp__mv_advertiser_spend__4_2_cascade(BIGINT,BIGINT,BOOLEAN,CHARACTER VARYING,BIGINT,CHARACTER VARYING)","vevodb.operations.mv_sp__mv_advertiser_spend__4_2_cascade(BIGINT,BIGINT,BOOLEAN,CHARACTER VARYING,BIGINT,CHARACTER VARYING)",CREATE PROCEDURE,XS,RedShift,DvefAe5IK3+lJQ1/aClvvQ==
53b2786d-0a21-49d8-9dc6-c4748d4df71c,Medium,SSC-EWI-0073,Pending Functional Equivalence Review,PENDING FUNCTIONAL EQUIVALENCE REVIEW FOR 'DollarStringLiteralExpr' NODE,vevodb/operations/procedure/mv_sp__mv_advertiser_spend__4_2_cascade.sql,3,8031,vevodb,operations,N/A,"mv_sp__mv_advertiser_spend__4_2_cascade(BIGINT,BIGINT,BOOLEAN,CHARACTER VARYING,BIGINT,CHARACTER VARYING)","vevodb.operations.mv_sp__mv_advertiser_spend__4_2_cascade(BIGINT,BIGINT,BOOLEAN,CHARACTER VARYING,BIGINT,CHARACTER VARYING)",CREATE PROCEDURE,XS,RedShift,DvefAe5IK3+lJQ1/aClvvQ==
53b2786d-0a21-49d8-9dc6-c4748d4df71c,Medium,SSC-EWI-0073,Pending Functional Equivalence Review,PENDING FUNCTIONAL EQUIVALENCE REVIEW FOR 'DollarStringLiteralExpr' NODE,vevodb/operations/procedure/mv_sp__mv_advertiser_spend__4_2_cascade.sql,3,8172,vevodb,operations,N/A,"mv_sp__mv_advertiser_spend__4_2_cascade(BIGINT,BIGINT,BOOLEAN,CHARACTER VARYING,BIGINT,CHARACTER VARYING)","vevodb.operations.mv_sp__mv_advertiser_spend__4_2_cascade(BIGINT,BIGINT,BOOLEAN,CHARACTER VARYING,BIGINT,CHARACTER VARYING)",CREATE PROCEDURE,XS,RedShift,DvefAe5IK3+lJQ1/aClvvQ==
53b2786d-0a21-49d8-9dc6-c4748d4df71c,Medium,SSC-EWI-0073,Pending Functional Equivalence Review,PENDING FUNCTIONAL EQUIVALENCE REVIEW FOR 'DollarStringLiteralExpr' NODE,vevodb/operations/procedure/mv_sp__mv_advertiser_spend__4_2_cascade.sql,3,8603,vevodb,operations,N/A,"mv_sp__mv_advertiser_spend__4_2_cascade(BIGINT,BIGINT,BOOLEAN,CHARACTER VARYING,BIGINT,CHARACTER VARYING)","vevodb.operations.mv_sp__mv_advertiser_spend__4_2_cascade(BIGINT,BIGINT,BOOLEAN,CHARACTER VARYING,BIGINT,CHARACTER VARYING)",CREATE PROCEDURE,XS,RedShift,DvefAe5IK3+lJQ1/aClvvQ==
53b2786d-0a21-49d8-9dc6-c4748d4df71c,Medium,SSC-EWI-0073,Pending Functional Equivalence Review,PENDING FUNCTIONAL EQUIVALENCE REVIEW FOR 'DollarStringLiteralExpr' NODE,vevodb/operations/procedure/mv_sp__mv_advertiser_spend__4_2_cascade.sql,3,8731,vevodb,operations,N/A,"mv_sp__mv_advertiser_spend__4_2_cascade(BIGINT,BIGINT,BOOLEAN,CHARACTER VARYING,BIGINT,CHARACTER VARYING)","vevodb.operations.mv_sp__mv_advertiser_spend__4_2_cascade(BIGINT,BIGINT,BOOLEAN,CHARACTER VARYING,BIGINT,CHARACTER VARYING)",CREATE PROCEDURE,XS,RedShift,DvefAe5IK3+lJQ1/aClvvQ==
53b2786d-0a21-49d8-9dc6-c4748d4df71c,Medium,SSC-EWI-0073,Pending Functional Equivalence Review,PENDING FUNCTIONAL EQUIVALENCE REVIEW FOR 'DollarStringLiteralExpr' NODE,vevodb/operations/procedure/mv_sp__mv_advertiser_spend__4_2_cascade.sql,3,8836,vevodb,operations,N/A,"mv_sp__mv_advertiser_spend__4_2_cascade(BIGINT,BIGINT,BOOLEAN,CHARACTER VARYING,BIGINT,CHARACTER VARYING)","vevodb.operations.mv_sp__mv_advertiser_spend__4_2_cascade(BIGINT,BIGINT,BOOLEAN,CHARACTER VARYING,BIGINT,CHARACTER VARYING)",CREATE PROCEDURE,XS,RedShift,DvefAe5IK3+lJQ1/aClvvQ==
53b2786d-0a21-49d8-9dc6-c4748d4df71c,Medium,SSC-EWI-0073,Pending Functional Equivalence Review,PENDING FUNCTIONAL EQUIVALENCE REVIEW FOR 'DollarStringLiteralExpr' NODE,vevodb/operations/procedure/mv_sp__mv_advertiser_spend__4_2_cascade.sql,3,8945,vevodb,operations,N/A,"mv_sp__mv_advertiser_spend__4_2_cascade(BIGINT,BIGINT,BOOLEAN,CHARACTER VARYING,BIGINT,CHARACTER VARYING)","vevodb.operations.mv_sp__mv_advertiser_spend__4_2_cascade(BIGINT,BIGINT,BOOLEAN,CHARACTER VARYING,BIGINT,CHARACTER VARYING)",CREATE PROCEDURE,XS,RedShift,DvefAe5IK3+lJQ1/aClvvQ==
53b2786d-0a21-49d8-9dc6-c4748d4df71c,Medium,SSC-EWI-0073,Pending Functional Equivalence Review,PENDING FUNCTIONAL EQUIVALENCE REVIEW FOR 'DollarStringLiteralExpr' NODE,vevodb/operations/procedure/mv_sp__mv_advertiser_spend__4_2_cascade.sql,3,9086,vevodb,operations,N/A,"mv_sp__mv_advertiser_spend__4_2_cascade(BIGINT,BIGINT,BOOLEAN,CHARACTER VARYING,BIGINT,CHARACTER VARYING)","vevodb.operations.mv_sp__mv_advertiser_spend__4_2_cascade(BIGINT,BIGINT,BOOLEAN,CHARACTER VARYING,BIGINT,CHARACTER VARYING)",CREATE PROCEDURE,XS,RedShift,DvefAe5IK3+lJQ1/aClvvQ==
53b2786d-0a21-49d8-9dc6-c4748d4df71c,Medium,SSC-EWI-0073,Pending Functional Equivalence Review,PENDING FUNCTIONAL EQUIVALENCE REVIEW FOR 'DollarStringLiteralExpr' NODE,vevodb/operations/procedure/mv_sp__mv_advertiser_spend__4_2_cascade.sql,3,9221,vevodb,operations,N/A,"mv_sp__mv_advertiser_spend__4_2_cascade(BIGINT,BIGINT,BOOLEAN,CHARACTER VARYING,BIGINT,CHARACTER VARYING)","vevodb.operations.mv_sp__mv_advertiser_spend__4_2_cascade(BIGINT,BIGINT,BOOLEAN,CHARACTER VARYING,BIGINT,CHARACTER VARYING)",CREATE PROCEDURE,XS,RedShift,DvefAe5IK3+lJQ1/aClvvQ==
53b2786d-0a21-49d8-9dc6-c4748d4df71c,Medium,SSC-EWI-0073,Pending Functional Equivalence Review,PENDING FUNCTIONAL EQUIVALENCE REVIEW FOR 'DollarStringLiteralExpr' NODE,vevodb/operations/procedure/mv_sp__mv_advertiser_spend__4_2_cascade.sql,3,9355,vevodb,operations,N/A,"mv_sp__mv_advertiser_spend__4_2_cascade(BIGINT,BIGINT,BOOLEAN,CHARACTER VARYING,BIGINT,CHARACTER VARYING)","vevodb.operations.mv_sp__mv_advertiser_spend__4_2_cascade(BIGINT,BIGINT,BOOLEAN,CHARACTER VARYING,BIGINT,CHARACTER VARYING)",CREATE PROCEDURE,XS,RedShift,DvefAe5IK3+lJQ1/aClvvQ==
53b2786d-0a21-49d8-9dc6-c4748d4df71c,Medium,SSC-EWI-0073,Pending Functional Equivalence Review,PENDING FUNCTIONAL EQUIVALENCE REVIEW FOR 'DollarStringLiteralExpr' NODE,vevodb/operations/procedure/mv_sp__mv_advertiser_spend__4_2_cascade.sql,3,9471,vevodb,operations,N/A,"mv_sp__mv_advertiser_spend__4_2_cascade(BIGINT,BIGINT,BOOLEAN,CHARACTER VARYING,BIGINT,CHARACTER VARYING)","vevodb.operations.mv_sp__mv_advertiser_spend__4_2_cascade(BIGINT,BIGINT,BOOLEAN,CHARACTER VARYING,BIGINT,CHARACTER VARYING)",CREATE PROCEDURE,XS,RedShift,DvefAe5IK3+lJQ1/aClvvQ==
53b2786d-0a21-49d8-9dc6-c4748d4df71c,Medium,SSC-EWI-0073,Pending Functional Equivalence Review,PENDING FUNCTIONAL EQUIVALENCE REVIEW FOR 'DollarStringLiteralExpr' NODE,vevodb/operations/procedure/mv_sp__mv_advertiser_spend__4_2_cascade.sql,3,9575,vevodb,operations,N/A,"mv_sp__mv_advertiser_spend__4_2_cascade(BIGINT,BIGINT,BOOLEAN,CHARACTER VARYING,BIGINT,CHARACTER VARYING)","vevodb.operations.mv_sp__mv_advertiser_spend__4_2_cascade(BIGINT,BIGINT,BOOLEAN,CHARACTER VARYING,BIGINT,CHARACTER VARYING)",CREATE PROCEDURE,XS,RedShift,DvefAe5IK3+lJQ1/aClvvQ==
53b2786d-0a21-49d8-9dc6-c4748d4df71c,Medium,SSC-EWI-0073,Pending Functional Equivalence Review,PENDING FUNCTIONAL EQUIVALENCE REVIEW FOR 'DollarStringLiteralExpr' NODE,vevodb/operations/procedure/mv_sp__mv_advertiser_spend__4_2_cascade.sql,3,9675,vevodb,operations,N/A,"mv_sp__mv_advertiser_spend__4_2_cascade(BIGINT,BIGINT,BOOLEAN,CHARACTER VARYING,BIGINT,CHARACTER VARYING)","vevodb.operations.mv_sp__mv_advertiser_spend__4_2_cascade(BIGINT,BIGINT,BOOLEAN,CHARACTER VARYING,BIGINT,CHARACTER VARYING)",CREATE PROCEDURE,XS,RedShift,DvefAe5IK3+lJQ1/aClvvQ==
53b2786d-0a21-49d8-9dc6-c4748d4df71c,Medium,SSC-EWI-0073,Pending Functional Equivalence Review,PENDING FUNCTIONAL EQUIVALENCE REVIEW FOR 'DollarStringLiteralExpr' NODE,vevodb/operations/procedure/mv_sp__mv_advertiser_spend__4_2_cascade.sql,3,9806,vevodb,operations,N/A,"mv_sp__mv_advertiser_spend__4_2_cascade(BIGINT,BIGINT,BOOLEAN,CHARACTER VARYING,BIGINT,CHARACTER VARYING)","vevodb.operations.mv_sp__mv_advertiser_spend__4_2_cascade(BIGINT,BIGINT,BOOLEAN,CHARACTER VARYING,BIGINT,CHARACTER VARYING)",CREATE PROCEDURE,XS,RedShift,DvefAe5IK3+lJQ1/aClvvQ==
53b2786d-0a21-49d8-9dc6-c4748d4df71c,Medium,SSC-EWI-0073,Pending Functional Equivalence Review,PENDING FUNCTIONAL EQUIVALENCE REVIEW FOR 'DollarStringLiteralExpr' NODE,vevodb/operations/procedure/mv_sp__mv_advertiser_spend__4_2_cascade.sql,3,9966,vevodb,operations,N/A,"mv_sp__mv_advertiser_spend__4_2_cascade(BIGINT,BIGINT,BOOLEAN,CHARACTER VARYING,BIGINT,CHARACTER VARYING)","vevodb.operations.mv_sp__mv_advertiser_spend__4_2_cascade(BIGINT,BIGINT,BOOLEAN,CHARACTER VARYING,BIGINT,CHARACTER VARYING)",CREATE PROCEDURE,XS,RedShift,DvefAe5IK3+lJQ1/aClvvQ==
53b2786d-0a21-49d8-9dc6-c4748d4df71c,Medium,SSC-EWI-0073,Pending Functional Equivalence Review,PENDING FUNCTIONAL EQUIVALENCE REVIEW FOR 'DollarStringLiteralExpr' NODE,vevodb/operations/procedure/mv_sp__mv_advertiser_spend__4_2_cascade.sql,3,10071,vevodb,operations,N/A,"mv_sp__mv_advertiser_spend__4_2_cascade(BIGINT,BIGINT,BOOLEAN,CHARACTER VARYING,BIGINT,CHARACTER VARYING)","vevodb.operations.mv_sp__mv_advertiser_spend__4_2_cascade(BIGINT,BIGINT,BOOLEAN,CHARACTER VARYING,BIGINT,CHARACTER VARYING)",CREATE PROCEDURE,XS,RedShift,DvefAe5IK3+lJQ1/aClvvQ==
53b2786d-0a21-49d8-9dc6-c4748d4df71c,Medium,SSC-EWI-0073,Pending Functional Equivalence Review,PENDING FUNCTIONAL EQUIVALENCE REVIEW FOR 'DollarStringLiteralExpr' NODE,vevodb/operations/procedure/mv_sp__mv_advertiser_spend__4_2_cascade.sql,3,10475,vevodb,operations,N/A,"mv_sp__mv_advertiser_spend__4_2_cascade(BIGINT,BIGINT,BOOLEAN,CHARACTER VARYING,BIGINT,CHARACTER VARYING)","vevodb.operations.mv_sp__mv_advertiser_spend__4_2_cascade(BIGINT,BIGINT,BOOLEAN,CHARACTER VARYING,BIGINT,CHARACTER VARYING)",CREATE PROCEDURE,XS,RedShift,DvefAe5IK3+lJQ1/aClvvQ==
53b2786d-0a21-49d8-9dc6-c4748d4df71c,Medium,SSC-EWI-0073,Pending Functional Equivalence Review,PENDING FUNCTIONAL EQUIVALENCE REVIEW FOR 'DollarStringLiteralExpr' NODE,vevodb/operations/procedure/mv_sp__mv_advertiser_spend__4_2_cascade.sql,3,10609,vevodb,operations,N/A,"mv_sp__mv_advertiser_spend__4_2_cascade(BIGINT,BIGINT,BOOLEAN,CHARACTER VARYING,BIGINT,CHARACTER VARYING)","vevodb.operations.mv_sp__mv_advertiser_spend__4_2_cascade(BIGINT,BIGINT,BOOLEAN,CHARACTER VARYING,BIGINT,CHARACTER VARYING)",CREATE PROCEDURE,XS,RedShift,DvefAe5IK3+lJQ1/aClvvQ==
53b2786d-0a21-49d8-9dc6-c4748d4df71c,Medium,SSC-EWI-0073,Pending Functional Equivalence Review,PENDING FUNCTIONAL EQUIVALENCE REVIEW FOR 'DollarStringLiteralExpr' NODE,vevodb/operations/procedure/mv_sp__mv_advertiser_spend__4_2_cascade.sql,3,10725,vevodb,operations,N/A,"mv_sp__mv_advertiser_spend__4_2_cascade(BIGINT,BIGINT,BOOLEAN,CHARACTER VARYING,BIGINT,CHARACTER VARYING)","vevodb.operations.mv_sp__mv_advertiser_spend__4_2_cascade(BIGINT,BIGINT,BOOLEAN,CHARACTER VARYING,BIGINT,CHARACTER VARYING)",CREATE PROCEDURE,XS,RedShift,DvefAe5IK3+lJQ1/aClvvQ==
53b2786d-0a21-49d8-9dc6-c4748d4df71c,Medium,SSC-EWI-0073,Pending Functional Equivalence Review,PENDING FUNCTIONAL EQUIVALENCE REVIEW FOR 'DollarStringLiteralExpr' NODE,vevodb/operations/procedure/mv_sp__mv_advertiser_spend__4_2_cascade.sql,3,10828,vevodb,operations,N/A,"mv_sp__mv_advertiser_spend__4_2_cascade(BIGINT,BIGINT,BOOLEAN,CHARACTER VARYING,BIGINT,CHARACTER VARYING)","vevodb.operations.mv_sp__mv_advertiser_spend__4_2_cascade(BIGINT,BIGINT,BOOLEAN,CHARACTER VARYING,BIGINT,CHARACTER VARYING)",CREATE PROCEDURE,XS,RedShift,DvefAe5IK3+lJQ1/aClvvQ==
53b2786d-0a21-49d8-9dc6-c4748d4df71c,Medium,SSC-EWI-0073,Pending Functional Equivalence Review,PENDING FUNCTIONAL EQUIVALENCE REVIEW FOR 'DollarStringLiteralExpr' NODE,vevodb/operations/procedure/mv_sp__mv_advertiser_spend__4_2_cascade.sql,3,10937,vevodb,operations,N/A,"mv_sp__mv_advertiser_spend__4_2_cascade(BIGINT,BIGINT,BOOLEAN,CHARACTER VARYING,BIGINT,CHARACTER VARYING)","vevodb.operations.mv_sp__mv_advertiser_spend__4_2_cascade(BIGINT,BIGINT,BOOLEAN,CHARACTER VARYING,BIGINT,CHARACTER VARYING)",CREATE PROCEDURE,XS,RedShift,DvefAe5IK3+lJQ1/aClvvQ==
53b2786d-0a21-49d8-9dc6-c4748d4df71c,Medium,SSC-EWI-0073,Pending Functional Equivalence Review,PENDING FUNCTIONAL EQUIVALENCE REVIEW FOR 'DollarStringLiteralExpr' NODE,vevodb/operations/procedure/mv_sp__mv_advertiser_spend__4_2_cascade.sql,3,11064,vevodb,operations,N/A,"mv_sp__mv_advertiser_spend__4_2_cascade(BIGINT,BIGINT,BOOLEAN,CHARACTER VARYING,BIGINT,CHARACTER VARYING)","vevodb.operations.mv_sp__mv_advertiser_spend__4_2_cascade(BIGINT,BIGINT,BOOLEAN,CHARACTER VARYING,BIGINT,CHARACTER VARYING)",CREATE PROCEDURE,XS,RedShift,DvefAe5IK3+lJQ1/aClvvQ==
53b2786d-0a21-49d8-9dc6-c4748d4df71c,Medium,SSC-EWI-0073,Pending Functional Equivalence Review,PENDING FUNCTIONAL EQUIVALENCE REVIEW FOR 'DollarStringLiteralExpr' NODE,vevodb/operations/procedure/mv_sp__mv_advertiser_spend__4_2_cascade.sql,3,11207,vevodb,operations,N/A,"mv_sp__mv_advertiser_spend__4_2_cascade(BIGINT,BIGINT,BOOLEAN,CHARACTER VARYING,BIGINT,CHARACTER VARYING)","vevodb.operations.mv_sp__mv_advertiser_spend__4_2_cascade(BIGINT,BIGINT,BOOLEAN,CHARACTER VARYING,BIGINT,CHARACTER VARYING)",CREATE PROCEDURE,XS,RedShift,DvefAe5IK3+lJQ1/aClvvQ==
53b2786d-0a21-49d8-9dc6-c4748d4df71c,Medium,SSC-EWI-0073,Pending Functional Equivalence Review,PENDING FUNCTIONAL EQUIVALENCE REVIEW FOR 'DollarStringLiteralExpr' NODE,vevodb/operations/procedure/mv_sp__mv_advertiser_spend__4_2_cascade.sql,3,11342,vevodb,operations,N/A,"mv_sp__mv_advertiser_spend__4_2_cascade(BIGINT,BIGINT,BOOLEAN,CHARACTER VARYING,BIGINT,CHARACTER VARYING)","vevodb.operations.mv_sp__mv_advertiser_spend__4_2_cascade(BIGINT,BIGINT,BOOLEAN,CHARACTER VARYING,BIGINT,CHARACTER VARYING)",CREATE PROCEDURE,XS,RedShift,DvefAe5IK3+lJQ1/aClvvQ==
53b2786d-0a21-49d8-9dc6-c4748d4df71c,Medium,SSC-EWI-0073,Pending Functional Equivalence Review,PENDING FUNCTIONAL EQUIVALENCE REVIEW FOR 'DollarStringLiteralExpr' NODE,vevodb/operations/procedure/mv_sp__mv_advertiser_spend__4_2_cascade.sql,3,11470,vevodb,operations,N/A,"mv_sp__mv_advertiser_spend__4_2_cascade(BIGINT,BIGINT,BOOLEAN,CHARACTER VARYING,BIGINT,CHARACTER VARYING)","vevodb.operations.mv_sp__mv_advertiser_spend__4_2_cascade(BIGINT,BIGINT,BOOLEAN,CHARACTER VARYING,BIGINT,CHARACTER VARYING)",CREATE PROCEDURE,XS,RedShift,DvefAe5IK3+lJQ1/aClvvQ==
53b2786d-0a21-49d8-9dc6-c4748d4df71c,Medium,SSC-EWI-0073,Pending Functional Equivalence Review,PENDING FUNCTIONAL EQUIVALENCE REVIEW FOR 'DollarStringLiteralExpr' NODE,vevodb/operations/procedure/mv_sp__mv_advertiser_spend__4_2_cascade.sql,3,11575,vevodb,operations,N/A,"mv_sp__mv_advertiser_spend__4_2_cascade(BIGINT,BIGINT,BOOLEAN,CHARACTER VARYING,BIGINT,CHARACTER VARYING)","vevodb.operations.mv_sp__mv_advertiser_spend__4_2_cascade(BIGINT,BIGINT,BOOLEAN,CHARACTER VARYING,BIGINT,CHARACTER VARYING)",CREATE PROCEDURE,XS,RedShift,DvefAe5IK3+lJQ1/aClvvQ==
53b2786d-0a21-49d8-9dc6-c4748d4df71c,Medium,SSC-EWI-0073,Pending Functional Equivalence Review,PENDING FUNCTIONAL EQUIVALENCE REVIEW FOR 'DollarStringLiteralExpr' NODE,vevodb/operations/procedure/mv_sp__mv_advertiser_spend__4_2_cascade.sql,3,11684,vevodb,operations,N/A,"mv_sp__mv_advertiser_spend__4_2_cascade(BIGINT,BIGINT,BOOLEAN,CHARACTER VARYING,BIGINT,CHARACTER VARYING)","vevodb.operations.mv_sp__mv_advertiser_spend__4_2_cascade(BIGINT,BIGINT,BOOLEAN,CHARACTER VARYING,BIGINT,CHARACTER VARYING)",CREATE PROCEDURE,XS,RedShift,DvefAe5IK3+lJQ1/aClvvQ==
53b2786d-0a21-49d8-9dc6-c4748d4df71c,Medium,SSC-EWI-0073,Pending Functional Equivalence Review,PENDING FUNCTIONAL EQUIVALENCE REVIEW FOR 'DollarStringLiteralExpr' NODE,vevodb/operations/procedure/mv_sp__mv_advertiser_spend__4_2_cascade.sql,3,11825,vevodb,operations,N/A,"mv_sp__mv_advertiser_spend__4_2_cascade(BIGINT,BIGINT,BOOLEAN,CHARACTER VARYING,BIGINT,CHARACTER VARYING)","vevodb.operations.mv_sp__mv_advertiser_spend__4_2_cascade(BIGINT,BIGINT,BOOLEAN,CHARACTER VARYING,BIGINT,CHARACTER VARYING)",CREATE PROCEDURE,XS,RedShift,DvefAe5IK3+lJQ1/aClvvQ==
53b2786d-0a21-49d8-9dc6-c4748d4df71c,Medium,SSC-EWI-0073,Pending Functional Equivalence Review,PENDING FUNCTIONAL EQUIVALENCE REVIEW FOR 'DollarStringLiteralExpr' NODE,vevodb/operations/procedure/mv_sp__mv_advertiser_spend__4_2_cascade.sql,3,11960,vevodb,operations,N/A,"mv_sp__mv_advertiser_spend__4_2_cascade(BIGINT,BIGINT,BOOLEAN,CHARACTER VARYING,BIGINT,CHARACTER VARYING)","vevodb.operations.mv_sp__mv_advertiser_spend__4_2_cascade(BIGINT,BIGINT,BOOLEAN,CHARACTER VARYING,BIGINT,CHARACTER VARYING)",CREATE PROCEDURE,XS,RedShift,DvefAe5IK3+lJQ1/aClvvQ==
53b2786d-0a21-49d8-9dc6-c4748d4df71c,Medium,SSC-EWI-0073,Pending Functional Equivalence Review,PENDING FUNCTIONAL EQUIVALENCE REVIEW FOR 'DollarStringLiteralExpr' NODE,vevodb/operations/procedure/mv_sp__mv_advertiser_spend__4_2_cascade.sql,3,12094,vevodb,operations,N/A,"mv_sp__mv_advertiser_spend__4_2_cascade(BIGINT,BIGINT,BOOLEAN,CHARACTER VARYING,BIGINT,CHARACTER VARYING)","vevodb.operations.mv_sp__mv_advertiser_spend__4_2_cascade(BIGINT,BIGINT,BOOLEAN,CHARACTER VARYING,BIGINT,CHARACTER VARYING)",CREATE PROCEDURE,XS,RedShift,DvefAe5IK3+lJQ1/aClvvQ==
53b2786d-0a21-49d8-9dc6-c4748d4df71c,Medium,SSC-EWI-0073,Pending Functional Equivalence Review,PENDING FUNCTIONAL EQUIVALENCE REVIEW FOR 'DollarStringLiteralExpr' NODE,vevodb/operations/procedure/mv_sp__mv_advertiser_spend__4_2_cascade.sql,3,12210,vevodb,operations,N/A,"mv_sp__mv_advertiser_spend__4_2_cascade(BIGINT,BIGINT,BOOLEAN,CHARACTER VARYING,BIGINT,CHARACTER VARYING)","vevodb.operations.mv_sp__mv_advertiser_spend__4_2_cascade(BIGINT,BIGINT,BOOLEAN,CHARACTER VARYING,BIGINT,CHARACTER VARYING)",CREATE PROCEDURE,XS,RedShift,DvefAe5IK3+lJQ1/aClvvQ==
53b2786d-0a21-49d8-9dc6-c4748d4df71c,Medium,SSC-EWI-0027,Variable with invalid query,THE FOLLOWING STATEMENT USES A VARIABLE/LITERAL WITH AN INVALID QUERY AND IT WILL NOT BE EXECUTED,vevodb/operations/procedure/mv_sp__mv_advertiser_spend__4_2_cascade.sql,3,3611,vevodb,operations,N/A,"mv_sp__mv_advertiser_spend__4_2_cascade(BIGINT,BIGINT,BOOLEAN,CHARACTER VARYING,BIGINT,CHARACTER VARYING)","vevodb.operations.mv_sp__mv_advertiser_spend__4_2_cascade(BIGINT,BIGINT,BOOLEAN,CHARACTER VARYING,BIGINT,CHARACTER VARYING)",CREATE PROCEDURE,XS,RedShift,DvefAe5IK3+lJQ1/aClvvQ==
53b2786d-0a21-49d8-9dc6-c4748d4df71c,Medium,SSC-EWI-0073,Pending Functional Equivalence Review,PENDING FUNCTIONAL EQUIVALENCE REVIEW FOR 'DollarStringLiteralExpr' NODE,vevodb/operations/procedure/mv_sp__mv_advertiser_spend__4_2_cascade.sql,3,12376,vevodb,operations,N/A,"mv_sp__mv_advertiser_spend__4_2_cascade(BIGINT,BIGINT,BOOLEAN,CHARACTER VARYING,BIGINT,CHARACTER VARYING)","vevodb.operations.mv_sp__mv_advertiser_spend__4_2_cascade(BIGINT,BIGINT,BOOLEAN,CHARACTER VARYING,BIGINT,CHARACTER VARYING)",CREATE PROCEDURE,XS,RedShift,DvefAe5IK3+lJQ1/aClvvQ==
53b2786d-0a21-49d8-9dc6-c4748d4df71c,Medium,SSC-EWI-0027,Variable with invalid query,THE FOLLOWING STATEMENT USES A VARIABLE/LITERAL WITH AN INVALID QUERY AND IT WILL NOT BE EXECUTED,vevodb/operations/procedure/mv_sp__mv_advertiser_spend__4_2_cascade.sql,3,12368,vevodb,operations,N/A,"mv_sp__mv_advertiser_spend__4_2_cascade(BIGINT,BIGINT,BOOLEAN,CHARACTER VARYING,BIGINT,CHARACTER VARYING)","vevodb.operations.mv_sp__mv_advertiser_spend__4_2_cascade(BIGINT,BIGINT,BOOLEAN,CHARACTER VARYING,BIGINT,CHARACTER VARYING)",CREATE PROCEDURE,XS,RedShift,DvefAe5IK3+lJQ1/aClvvQ==
53b2786d-0a21-49d8-9dc6-c4748d4df71c,None,SSC-FDM-0007,Element with missing dependencies,"MISSING DEPENDENT OBJECTS """"operations"".""mv_tbl__mv_advertiser_spend__0_recomputed"""", """"operations"".""mv_tbl__mv_advertiser_spend__0"""", """"mv_tbl__mv_advertiser_spend__0__insert_tmp"""", """"mv_tbl__mv_advertiser_spend__0_tmp""""",vevodb/operations/procedure/mv_sp__mv_advertiser_spend__4_2_cascade.sql,1,0,vevodb,operations,N/A,"mv_sp__mv_advertiser_spend__4_2_cascade(BIGINT,BIGINT,BOOLEAN,CHARACTER VARYING,BIGINT,CHARACTER VARYING)","vevodb.operations.mv_sp__mv_advertiser_spend__4_2_cascade(BIGINT,BIGINT,BOOLEAN,CHARACTER VARYING,BIGINT,CHARACTER VARYING)",CREATE PROCEDURE,XS,RedShift,DvefAe5IK3+lJQ1/aClvvQ==
53b2786d-0a21-49d8-9dc6-c4748d4df71c,Medium,SSC-EWI-0073,Pending Functional Equivalence Review,PENDING FUNCTIONAL EQUIVALENCE REVIEW FOR 'DollarStringLiteralExpr' NODE,vevodb/analytics/procedure/mv_sp__mv_daily_revenue_summary__4_2_cascade.sql,3,44,vevodb,analytics,N/A,"mv_sp__mv_daily_revenue_summary__4_2_cascade(BIGINT,BIGINT,BOOLEAN,CHARACTER VARYING,BIGINT,CHARACTER VARYING)","vevodb.analytics.mv_sp__mv_daily_revenue_summary__4_2_cascade(BIGINT,BIGINT,BOOLEAN,CHARACTER VARYING,BIGINT,CHARACTER VARYING)",CREATE PROCEDURE,XS,RedShift,DvefAe5IK3+lJQ1/aClvvQ==
53b2786d-0a21-49d8-9dc6-c4748d4df71c,Medium,SSC-EWI-0073,Pending Functional Equivalence Review,PENDING FUNCTIONAL EQUIVALENCE REVIEW FOR 'DollarStringLiteralExpr' NODE,vevodb/analytics/procedure/mv_sp__mv_daily_revenue_summary__4_2_cascade.sql,3,1011,vevodb,analytics,N/A,"mv_sp__mv_daily_revenue_summary__4_2_cascade(BIGINT,BIGINT,BOOLEAN,CHARACTER VARYING,BIGINT,CHARACTER VARYING)","vevodb.analytics.mv_sp__mv_daily_revenue_summary__4_2_cascade(BIGINT,BIGINT,BOOLEAN,CHARACTER VARYING,BIGINT,CHARACTER VARYING)",CREATE PROCEDURE,XS,RedShift,DvefAe5IK3+lJQ1/aClvvQ==
53b2786d-0a21-49d8-9dc6-c4748d4df71c,Medium,SSC-EWI-0073,Pending Functional Equivalence Review,PENDING FUNCTIONAL EQUIVALENCE REVIEW FOR 'DollarStringLiteralExpr' NODE,vevodb/analytics/procedure/mv_sp__mv_daily_revenue_summary__4_2_cascade.sql,3,1153,vevodb,analytics,N/A,"mv_sp__mv_daily_revenue_summary__4_2_cascade(BIGINT,BIGINT,BOOLEAN,CHARACTER VARYING,BIGINT,CHARACTER VARYING)","vevodb.analytics.mv_sp__mv_daily_revenue_summary__4_2_cascade(BIGINT,BIGINT,BOOLEAN,CHARACTER VARYING,BIGINT,CHARACTER VARYING)",CREATE PROCEDURE,XS,RedShift,DvefAe5IK3+lJQ1/aClvvQ==
53b2786d-0a21-49d8-9dc6-c4748d4df71c,Medium,SSC-EWI-0073,Pending Functional Equivalence Review,PENDING FUNCTIONAL EQUIVALENCE REVIEW FOR 'DollarStringLiteralExpr' NODE,vevodb/analytics/procedure/mv_sp__mv_daily_revenue_summary__4_2_cascade.sql,3,1302,vevodb,analytics,N/A,"mv_sp__mv_daily_revenue_summary__4_2_cascade(BIGINT,BIGINT,BOOLEAN,CHARACTER VARYING,BIGINT,CHARACTER VARYING)","vevodb.analytics.mv_sp__mv_daily_revenue_summary__4_2_cascade(BIGINT,BIGINT,BOOLEAN,CHARACTER VARYING,BIGINT,CHARACTER VARYING)",CREATE PROCEDURE,XS,RedShift,DvefAe5IK3+lJQ1/aClvvQ==
53b2786d-0a21-49d8-9dc6-c4748d4df71c,Medium,SSC-EWI-0073,Pending Functional Equivalence Review,PENDING FUNCTIONAL EQUIVALENCE REVIEW FOR 'DollarStringLiteralExpr' NODE,vevodb/analytics/procedure/mv_sp__mv_daily_revenue_summary__4_2_cascade.sql,3,1417,vevodb,analytics,N/A,"mv_sp__mv_daily_revenue_summary__4_2_cascade(BIGINT,BIGINT,BOOLEAN,CHARACTER VARYING,BIGINT,CHARACTER VARYING)","vevodb.analytics.mv_sp__mv_daily_revenue_summary__4_2_cascade(BIGINT,BIGINT,BOOLEAN,CHARACTER VARYING,BIGINT,CHARACTER VARYING)",CREATE PROCEDURE,XS,RedShift,DvefAe5IK3+lJQ1/aClvvQ==
53b2786d-0a21-49d8-9dc6-c4748d4df71c,Medium,SSC-EWI-0073,Pending Functional Equivalence Review,PENDING FUNCTIONAL EQUIVALENCE REVIEW FOR 'DollarStringLiteralExpr' NODE,vevodb/analytics/procedure/mv_sp__mv_daily_revenue_summary__4_2_cascade.sql,3,1562,vevodb,analytics,N/A,"mv_sp__mv_daily_revenue_summary__4_2_cascade(BIGINT,BIGINT,BOOLEAN,CHARACTER VARYING,BIGINT,CHARACTER VARYING)","vevodb.analytics.mv_sp__mv_daily_revenue_summary__4_2_cascade(BIGINT,BIGINT,BOOLEAN,CHARACTER VARYING,BIGINT,CHARACTER VARYING)",CREATE PROCEDURE,XS,RedShift,DvefAe5IK3+lJQ1/aClvvQ==
53b2786d-0a21-49d8-9dc6-c4748d4df71c,Medium,SSC-EWI-0073,Pending Functional Equivalence Review,PENDING FUNCTIONAL EQUIVALENCE REVIEW FOR 'DollarStringLiteralExpr' NODE,vevodb/analytics/procedure/mv_sp__mv_daily_revenue_summary__4_2_cascade.sql,3,1748,vevodb,analytics,N/A,"mv_sp__mv_daily_revenue_summary__4_2_cascade(BIGINT,BIGINT,BOOLEAN,CHARACTER VARYING,BIGINT,CHARACTER VARYING)","vevodb.analytics.mv_sp__mv_daily_revenue_summary__4_2_cascade(BIGINT,BIGINT,BOOLEAN,CHARACTER VARYING,BIGINT,CHARACTER VARYING)",CREATE PROCEDURE,XS,RedShift,DvefAe5IK3+lJQ1/aClvvQ==
53b2786d-0a21-49d8-9dc6-c4748d4df71c,Medium,SSC-EWI-0027,Variable with invalid query,THE FOLLOWING STATEMENT USES A VARIABLE/LITERAL WITH AN INVALID QUERY AND IT WILL NOT BE EXECUTED,vevodb/analytics/procedure/mv_sp__mv_daily_revenue_summary__4_2_cascade.sql,3,36,vevodb,analytics,N/A,"mv_sp__mv_daily_revenue_summary__4_2_cascade(BIGINT,BIGINT,BOOLEAN,CHARACTER VARYING,BIGINT,CHARACTER VARYING)","vevodb.analytics.mv_sp__mv_daily_revenue_summary__4_2_cascade(BIGINT,BIGINT,BOOLEAN,CHARACTER VARYING,BIGINT,CHARACTER VARYING)",CREATE PROCEDURE,XS,RedShift,DvefAe5IK3+lJQ1/aClvvQ==
53b2786d-0a21-49d8-9dc6-c4748d4df71c,Medium,SSC-EWI-0073,Pending Functional Equivalence Review,PENDING FUNCTIONAL EQUIVALENCE REVIEW FOR 'IVM_AVG_DIV' NODE,vevodb/analytics/procedure/mv_sp__mv_daily_revenue_summary__4_2_cascade.sql,3,2208,vevodb,analytics,N/A,"mv_sp__mv_daily_revenue_summary__4_2_cascade(BIGINT,BIGINT,BOOLEAN,CHARACTER VARYING,BIGINT,CHARACTER VARYING)","vevodb.analytics.mv_sp__mv_daily_revenue_summary__4_2_cascade(BIGINT,BIGINT,BOOLEAN,CHARACTER VARYING,BIGINT,CHARACTER VARYING)",CREATE PROCEDURE,XS,RedShift,DvefAe5IK3+lJQ1/aClvvQ==
53b2786d-0a21-49d8-9dc6-c4748d4df71c,Medium,SSC-EWI-0073,Pending Functional Equivalence Review,PENDING FUNCTIONAL EQUIVALENCE REVIEW FOR 'AlterTableRename' NODE,vevodb/analytics/procedure/mv_sp__mv_daily_revenue_summary__4_2_cascade.sql,3,2521,vevodb,analytics,N/A,"mv_sp__mv_daily_revenue_summary__4_2_cascade(BIGINT,BIGINT,BOOLEAN,CHARACTER VARYING,BIGINT,CHARACTER VARYING)","vevodb.analytics.mv_sp__mv_daily_revenue_summary__4_2_cascade(BIGINT,BIGINT,BOOLEAN,CHARACTER VARYING,BIGINT,CHARACTER VARYING)",CREATE PROCEDURE,XS,RedShift,DvefAe5IK3+lJQ1/aClvvQ==
53b2786d-0a21-49d8-9dc6-c4748d4df71c,Medium,SSC-EWI-0073,Pending Functional Equivalence Review,PENDING FUNCTIONAL EQUIVALENCE REVIEW FOR 'IVM_AVG_DIV' NODE,vevodb/analytics/procedure/mv_sp__mv_daily_revenue_summary__4_2_cascade.sql,3,2880,vevodb,analytics,N/A,"mv_sp__mv_daily_revenue_summary__4_2_cascade(BIGINT,BIGINT,BOOLEAN,CHARACTER VARYING,BIGINT,CHARACTER VARYING)","vevodb.analytics.mv_sp__mv_daily_revenue_summary__4_2_cascade(BIGINT,BIGINT,BOOLEAN,CHARACTER VARYING,BIGINT,CHARACTER VARYING)",CREATE PROCEDURE,XS,RedShift,DvefAe5IK3+lJQ1/aClvvQ==
53b2786d-0a21-49d8-9dc6-c4748d4df71c,None,SSC-FDM-0019,Semantic information could not be loaded.,"SEMANTIC INFORMATION COULD NOT BE LOADED FOR ""analytics"".""mv_daily_revenue_summary"". CHECK IF THE NAME IS INVALID OR DUPLICATED.",vevodb/analytics/procedure/mv_sp__mv_daily_revenue_summary__4_2_cascade.sql,3,2570,vevodb,analytics,N/A,"mv_sp__mv_daily_revenue_summary__4_2_cascade(BIGINT,BIGINT,BOOLEAN,CHARACTER VARYING,BIGINT,CHARACTER VARYING)","vevodb.analytics.mv_sp__mv_daily_revenue_summary__4_2_cascade(BIGINT,BIGINT,BOOLEAN,CHARACTER VARYING,BIGINT,CHARACTER VARYING)",CREATE PROCEDURE,XS,RedShift,DvefAe5IK3+lJQ1/aClvvQ==
53b2786d-0a21-49d8-9dc6-c4748d4df71c,Medium,SSC-EWI-0073,Pending Functional Equivalence Review,PENDING FUNCTIONAL EQUIVALENCE REVIEW FOR 'DollarStringLiteralExpr' NODE,vevodb/analytics/procedure/mv_sp__mv_daily_revenue_summary__4_2_cascade.sql,3,3060,vevodb,analytics,N/A,"mv_sp__mv_daily_revenue_summary__4_2_cascade(BIGINT,BIGINT,BOOLEAN,CHARACTER VARYING,BIGINT,CHARACTER VARYING)","vevodb.analytics.mv_sp__mv_daily_revenue_summary__4_2_cascade(BIGINT,BIGINT,BOOLEAN,CHARACTER VARYING,BIGINT,CHARACTER VARYING)",CREATE PROCEDURE,XS,RedShift,DvefAe5IK3+lJQ1/aClvvQ==
53b2786d-0a21-49d8-9dc6-c4748d4df71c,Medium,SSC-EWI-0073,Pending Functional Equivalence Review,PENDING FUNCTIONAL EQUIVALENCE REVIEW FOR 'DollarStringLiteralExpr' NODE,vevodb/analytics/procedure/mv_sp__mv_daily_revenue_summary__4_2_cascade.sql,3,3427,vevodb,analytics,N/A,"mv_sp__mv_daily_revenue_summary__4_2_cascade(BIGINT,BIGINT,BOOLEAN,CHARACTER VARYING,BIGINT,CHARACTER VARYING)","vevodb.analytics.mv_sp__mv_daily_revenue_summary__4_2_cascade(BIGINT,BIGINT,BOOLEAN,CHARACTER VARYING,BIGINT,CHARACTER VARYING)",CREATE PROCEDURE,XS,RedShift,DvefAe5IK3+lJQ1/aClvvQ==
53b2786d-0a21-49d8-9dc6-c4748d4df71c,Medium,SSC-EWI-0073,Pending Functional Equivalence Review,PENDING FUNCTIONAL EQUIVALENCE REVIEW FOR 'DollarStringLiteralExpr' NODE,vevodb/analytics/procedure/mv_sp__mv_daily_revenue_summary__4_2_cascade.sql,3,3550,vevodb,analytics,N/A,"mv_sp__mv_daily_revenue_summary__4_2_cascade(BIGINT,BIGINT,BOOLEAN,CHARACTER VARYING,BIGINT,CHARACTER VARYING)","vevodb.analytics.mv_sp__mv_daily_revenue_summary__4_2_cascade(BIGINT,BIGINT,BOOLEAN,CHARACTER VARYING,BIGINT,CHARACTER VARYING)",CREATE PROCEDURE,XS,RedShift,DvefAe5IK3+lJQ1/aClvvQ==
53b2786d-0a21-49d8-9dc6-c4748d4df71c,Medium,SSC-EWI-0073,Pending Functional Equivalence Review,PENDING FUNCTIONAL EQUIVALENCE REVIEW FOR 'DollarStringLiteralExpr' NODE,vevodb/analytics/procedure/mv_sp__mv_daily_revenue_summary__4_2_cascade.sql,3,3691,vevodb,analytics,N/A,"mv_sp__mv_daily_revenue_summary__4_2_cascade(BIGINT,BIGINT,BOOLEAN,CHARACTER VARYING,BIGINT,CHARACTER VARYING)","vevodb.analytics.mv_sp__mv_daily_revenue_summary__4_2_cascade(BIGINT,BIGINT,BOOLEAN,CHARACTER VARYING,BIGINT,CHARACTER VARYING)",CREATE PROCEDURE,XS,RedShift,DvefAe5IK3+lJQ1/aClvvQ==
53b2786d-0a21-49d8-9dc6-c4748d4df71c,Medium,SSC-EWI-0073,Pending Functional Equivalence Review,PENDING FUNCTIONAL EQUIVALENCE REVIEW FOR 'DollarStringLiteralExpr' NODE,vevodb/analytics/procedure/mv_sp__mv_daily_revenue_summary__4_2_cascade.sql,3,3838,vevodb,analytics,N/A,"mv_sp__mv_daily_revenue_summary__4_2_cascade(BIGINT,BIGINT,BOOLEAN,CHARACTER VARYING,BIGINT,CHARACTER VARYING)","vevodb.analytics.mv_sp__mv_daily_revenue_summary__4_2_cascade(BIGINT,BIGINT,BOOLEAN,CHARACTER VARYING,BIGINT,CHARACTER VARYING)",CREATE PROCEDURE,XS,RedShift,DvefAe5IK3+lJQ1/aClvvQ==
53b2786d-0a21-49d8-9dc6-c4748d4df71c,Medium,SSC-EWI-0073,Pending Functional Equivalence Review,PENDING FUNCTIONAL EQUIVALENCE REVIEW FOR 'DollarStringLiteralExpr' NODE,vevodb/analytics/procedure/mv_sp__mv_daily_revenue_summary__4_2_cascade.sql,3,4140,vevodb,analytics,N/A,"mv_sp__mv_daily_revenue_summary__4_2_cascade(BIGINT,BIGINT,BOOLEAN,CHARACTER VARYING,BIGINT,CHARACTER VARYING)","vevodb.analytics.mv_sp__mv_daily_revenue_summary__4_2_cascade(BIGINT,BIGINT,BOOLEAN,CHARACTER VARYING,BIGINT,CHARACTER VARYING)",CREATE PROCEDURE,XS,RedShift,DvefAe5IK3+lJQ1/aClvvQ==
53b2786d-0a21-49d8-9dc6-c4748d4df71c,Medium,SSC-EWI-0073,Pending Functional Equivalence Review,PENDING FUNCTIONAL EQUIVALENCE REVIEW FOR 'DollarStringLiteralExpr' NODE,vevodb/analytics/procedure/mv_sp__mv_daily_revenue_summary__4_2_cascade.sql,3,4263,vevodb,analytics,N/A,"mv_sp__mv_daily_revenue_summary__4_2_cascade(BIGINT,BIGINT,BOOLEAN,CHARACTER VARYING,BIGINT,CHARACTER VARYING)","vevodb.analytics.mv_sp__mv_daily_revenue_summary__4_2_cascade(BIGINT,BIGINT,BOOLEAN,CHARACTER VARYING,BIGINT,CHARACTER VARYING)",CREATE PROCEDURE,XS,RedShift,DvefAe5IK3+lJQ1/aClvvQ==
53b2786d-0a21-49d8-9dc6-c4748d4df71c,Medium,SSC-EWI-0073,Pending Functional Equivalence Review,PENDING FUNCTIONAL EQUIVALENCE REVIEW FOR 'DollarStringLiteralExpr' NODE,vevodb/analytics/procedure/mv_sp__mv_daily_revenue_summary__4_2_cascade.sql,3,4404,vevodb,analytics,N/A,"mv_sp__mv_daily_revenue_summary__4_2_cascade(BIGINT,BIGINT,BOOLEAN,CHARACTER VARYING,BIGINT,CHARACTER VARYING)","vevodb.analytics.mv_sp__mv_daily_revenue_summary__4_2_cascade(BIGINT,BIGINT,BOOLEAN,CHARACTER VARYING,BIGINT,CHARACTER VARYING)",CREATE PROCEDURE,XS,RedShift,DvefAe5IK3+lJQ1/aClvvQ==
53b2786d-0a21-49d8-9dc6-c4748d4df71c,Medium,SSC-EWI-0073,Pending Functional Equivalence Review,PENDING FUNCTIONAL EQUIVALENCE REVIEW FOR 'DollarStringLiteralExpr' NODE,vevodb/analytics/procedure/mv_sp__mv_daily_revenue_summary__4_2_cascade.sql,3,4551,vevodb,analytics,N/A,"mv_sp__mv_daily_revenue_summary__4_2_cascade(BIGINT,BIGINT,BOOLEAN,CHARACTER VARYING,BIGINT,CHARACTER VARYING)","vevodb.analytics.mv_sp__mv_daily_revenue_summary__4_2_cascade(BIGINT,BIGINT,BOOLEAN,CHARACTER VARYING,BIGINT,CHARACTER VARYING)",CREATE PROCEDURE,XS,RedShift,DvefAe5IK3+lJQ1/aClvvQ==
53b2786d-0a21-49d8-9dc6-c4748d4df71c,Medium,SSC-EWI-0073,Pending Functional Equivalence Review,PENDING FUNCTIONAL EQUIVALENCE REVIEW FOR 'DollarStringLiteralExpr' NODE,vevodb/analytics/procedure/mv_sp__mv_daily_revenue_summary__4_2_cascade.sql,3,4875,vevodb,analytics,N/A,"mv_sp__mv_daily_revenue_summary__4_2_cascade(BIGINT,BIGINT,BOOLEAN,CHARACTER VARYING,BIGINT,CHARACTER VARYING)","vevodb.analytics.mv_sp__mv_daily_revenue_summary__4_2_cascade(BIGINT,BIGINT,BOOLEAN,CHARACTER VARYING,BIGINT,CHARACTER VARYING)",CREATE PROCEDURE,XS,RedShift,DvefAe5IK3+lJQ1/aClvvQ==
53b2786d-0a21-49d8-9dc6-c4748d4df71c,Medium,SSC-EWI-0073,Pending Functional Equivalence Review,PENDING FUNCTIONAL EQUIVALENCE REVIEW FOR 'DollarStringLiteralExpr' NODE,vevodb/analytics/procedure/mv_sp__mv_daily_revenue_summary__4_2_cascade.sql,3,4998,vevodb,analytics,N/A,"mv_sp__mv_daily_revenue_summary__4_2_cascade(BIGINT,BIGINT,BOOLEAN,CHARACTER VARYING,BIGINT,CHARACTER VARYING)","vevodb.analytics.mv_sp__mv_daily_revenue_summary__4_2_cascade(BIGINT,BIGINT,BOOLEAN,CHARACTER VARYING,BIGINT,CHARACTER VARYING)",CREATE PROCEDURE,XS,RedShift,DvefAe5IK3+lJQ1/aClvvQ==
53b2786d-0a21-49d8-9dc6-c4748d4df71c,Medium,SSC-EWI-0073,Pending Functional Equivalence Review,PENDING FUNCTIONAL EQUIVALENCE REVIEW FOR 'DollarStringLiteralExpr' NODE,vevodb/analytics/procedure/mv_sp__mv_daily_revenue_summary__4_2_cascade.sql,3,5139,vevodb,analytics,N/A,"mv_sp__mv_daily_revenue_summary__4_2_cascade(BIGINT,BIGINT,BOOLEAN,CHARACTER VARYING,BIGINT,CHARACTER VARYING)","vevodb.analytics.mv_sp__mv_daily_revenue_summary__4_2_cascade(BIGINT,BIGINT,BOOLEAN,CHARACTER VARYING,BIGINT,CHARACTER VARYING)",CREATE PROCEDURE,XS,RedShift,DvefAe5IK3+lJQ1/aClvvQ==
53b2786d-0a21-49d8-9dc6-c4748d4df71c,Medium,SSC-EWI-0073,Pending Functional Equivalence Review,PENDING FUNCTIONAL EQUIVALENCE REVIEW FOR 'DollarStringLiteralExpr' NODE,vevodb/analytics/procedure/mv_sp__mv_daily_revenue_summary__4_2_cascade.sql,3,5286,vevodb,analytics,N/A,"mv_sp__mv_daily_revenue_summary__4_2_cascade(BIGINT,BIGINT,BOOLEAN,CHARACTER VARYING,BIGINT,CHARACTER VARYING)","vevodb.analytics.mv_sp__mv_daily_revenue_summary__4_2_cascade(BIGINT,BIGINT,BOOLEAN,CHARACTER VARYING,BIGINT,CHARACTER VARYING)",CREATE PROCEDURE,XS,RedShift,DvefAe5IK3+lJQ1/aClvvQ==
53b2786d-0a21-49d8-9dc6-c4748d4df71c,Medium,SSC-EWI-0073,Pending Functional Equivalence Review,PENDING FUNCTIONAL EQUIVALENCE REVIEW FOR 'DollarStringLiteralExpr' NODE,vevodb/analytics/procedure/mv_sp__mv_daily_revenue_summary__4_2_cascade.sql,3,5607,vevodb,analytics,N/A,"mv_sp__mv_daily_revenue_summary__4_2_cascade(BIGINT,BIGINT,BOOLEAN,CHARACTER VARYING,BIGINT,CHARACTER VARYING)","vevodb.analytics.mv_sp__mv_daily_revenue_summary__4_2_cascade(BIGINT,BIGINT,BOOLEAN,CHARACTER VARYING,BIGINT,CHARACTER VARYING)",CREATE PROCEDURE,XS,RedShift,DvefAe5IK3+lJQ1/aClvvQ==
53b2786d-0a21-49d8-9dc6-c4748d4df71c,Medium,SSC-EWI-0073,Pending Functional Equivalence Review,PENDING FUNCTIONAL EQUIVALENCE REVIEW FOR 'DollarStringLiteralExpr' NODE,vevodb/analytics/procedure/mv_sp__mv_daily_revenue_summary__4_2_cascade.sql,3,5730,vevodb,analytics,N/A,"mv_sp__mv_daily_revenue_summary__4_2_cascade(BIGINT,BIGINT,BOOLEAN,CHARACTER VARYING,BIGINT,CHARACTER VARYING)","vevodb.analytics.mv_sp__mv_daily_revenue_summary__4_2_cascade(BIGINT,BIGINT,BOOLEAN,CHARACTER VARYING,BIGINT,CHARACTER VARYING)",CREATE PROCEDURE,XS,RedShift,DvefAe5IK3+lJQ1/aClvvQ==
53b2786d-0a21-49d8-9dc6-c4748d4df71c,Medium,SSC-EWI-0073,Pending Functional Equivalence Review,PENDING FUNCTIONAL EQUIVALENCE REVIEW FOR 'DollarStringLiteralExpr' NODE,vevodb/analytics/procedure/mv_sp__mv_daily_revenue_summary__4_2_cascade.sql,3,5871,vevodb,analytics,N/A,"mv_sp__mv_daily_revenue_summary__4_2_cascade(BIGINT,BIGINT,BOOLEAN,CHARACTER VARYING,BIGINT,CHARACTER VARYING)","vevodb.analytics.mv_sp__mv_daily_revenue_summary__4_2_cascade(BIGINT,BIGINT,BOOLEAN,CHARACTER VARYING,BIGINT,CHARACTER VARYING)",CREATE PROCEDURE,XS,RedShift,DvefAe5IK3+lJQ1/aClvvQ==
53b2786d-0a21-49d8-9dc6-c4748d4df71c,Medium,SSC-EWI-0073,Pending Functional Equivalence Review,PENDING FUNCTIONAL EQUIVALENCE REVIEW FOR 'DollarStringLiteralExpr' NODE,vevodb/analytics/procedure/mv_sp__mv_daily_revenue_summary__4_2_cascade.sql,3,6018,vevodb,analytics,N/A,"mv_sp__mv_daily_revenue_summary__4_2_cascade(BIGINT,BIGINT,BOOLEAN,CHARACTER VARYING,BIGINT,CHARACTER VARYING)","vevodb.analytics.mv_sp__mv_daily_revenue_summary__4_2_cascade(BIGINT,BIGINT,BOOLEAN,CHARACTER VARYING,BIGINT,CHARACTER VARYING)",CREATE PROCEDURE,XS,RedShift,DvefAe5IK3+lJQ1/aClvvQ==
53b2786d-0a21-49d8-9dc6-c4748d4df71c,Medium,SSC-EWI-0073,Pending Functional Equivalence Review,PENDING FUNCTIONAL EQUIVALENCE REVIEW FOR 'DollarStringLiteralExpr' NODE,vevodb/analytics/procedure/mv_sp__mv_daily_revenue_summary__4_2_cascade.sql,3,6350,vevodb,analytics,N/A,"mv_sp__mv_daily_revenue_summary__4_2_cascade(BIGINT,BIGINT,BOOLEAN,CHARACTER VARYING,BIGINT,CHARACTER VARYING)","vevodb.analytics.mv_sp__mv_daily_revenue_summary__4_2_cascade(BIGINT,BIGINT,BOOLEAN,CHARACTER VARYING,BIGINT,CHARACTER VARYING)",CREATE PROCEDURE,XS,RedShift,DvefAe5IK3+lJQ1/aClvvQ==
53b2786d-0a21-49d8-9dc6-c4748d4df71c,Medium,SSC-EWI-0073,Pending Functional Equivalence Review,PENDING FUNCTIONAL EQUIVALENCE REVIEW FOR 'DollarStringLiteralExpr' NODE,vevodb/analytics/procedure/mv_sp__mv_daily_revenue_summary__4_2_cascade.sql,3,6473,vevodb,analytics,N/A,"mv_sp__mv_daily_revenue_summary__4_2_cascade(BIGINT,BIGINT,BOOLEAN,CHARACTER VARYING,BIGINT,CHARACTER VARYING)","vevodb.analytics.mv_sp__mv_daily_revenue_summary__4_2_cascade(BIGINT,BIGINT,BOOLEAN,CHARACTER VARYING,BIGINT,CHARACTER VARYING)",CREATE PROCEDURE,XS,RedShift,DvefAe5IK3+lJQ1/aClvvQ==
53b2786d-0a21-49d8-9dc6-c4748d4df71c,Medium,SSC-EWI-0073,Pending Functional Equivalence Review,PENDING FUNCTIONAL EQUIVALENCE REVIEW FOR 'DollarStringLiteralExpr' NODE,vevodb/analytics/procedure/mv_sp__mv_daily_revenue_summary__4_2_cascade.sql,3,6614,vevodb,analytics,N/A,"mv_sp__mv_daily_revenue_summary__4_2_cascade(BIGINT,BIGINT,BOOLEAN,CHARACTER VARYING,BIGINT,CHARACTER VARYING)","vevodb.analytics.mv_sp__mv_daily_revenue_summary__4_2_cascade(BIGINT,BIGINT,BOOLEAN,CHARACTER VARYING,BIGINT,CHARACTER VARYING)",CREATE PROCEDURE,XS,RedShift,DvefAe5IK3+lJQ1/aClvvQ==
53b2786d-0a21-49d8-9dc6-c4748d4df71c,Medium,SSC-EWI-0073,Pending Functional Equivalence Review,PENDING FUNCTIONAL EQUIVALENCE REVIEW FOR 'DollarStringLiteralExpr' NODE,vevodb/analytics/procedure/mv_sp__mv_daily_revenue_summary__4_2_cascade.sql,3,6761,vevodb,analytics,N/A,"mv_sp__mv_daily_revenue_summary__4_2_cascade(BIGINT,BIGINT,BOOLEAN,CHARACTER VARYING,BIGINT,CHARACTER VARYING)","vevodb.analytics.mv_sp__mv_daily_revenue_summary__4_2_cascade(BIGINT,BIGINT,BOOLEAN,CHARACTER VARYING,BIGINT,CHARACTER VARYING)",CREATE PROCEDURE,XS,RedShift,DvefAe5IK3+lJQ1/aClvvQ==
53b2786d-0a21-49d8-9dc6-c4748d4df71c,Medium,SSC-EWI-0073,Pending Functional Equivalence Review,PENDING FUNCTIONAL EQUIVALENCE REVIEW FOR 'DollarStringLiteralExpr' NODE,vevodb/analytics/procedure/mv_sp__mv_daily_revenue_summary__4_2_cascade.sql,3,7042,vevodb,analytics,N/A,"mv_sp__mv_daily_revenue_summary__4_2_cascade(BIGINT,BIGINT,BOOLEAN,CHARACTER VARYING,BIGINT,CHARACTER VARYING)","vevodb.analytics.mv_sp__mv_daily_revenue_summary__4_2_cascade(BIGINT,BIGINT,BOOLEAN,CHARACTER VARYING,BIGINT,CHARACTER VARYING)",CREATE PROCEDURE,XS,RedShift,DvefAe5IK3+lJQ1/aClvvQ==
53b2786d-0a21-49d8-9dc6-c4748d4df71c,Medium,SSC-EWI-0073,Pending Functional Equivalence Review,PENDING FUNCTIONAL EQUIVALENCE REVIEW FOR 'DollarStringLiteralExpr' NODE,vevodb/analytics/procedure/mv_sp__mv_daily_revenue_summary__4_2_cascade.sql,3,7165,vevodb,analytics,N/A,"mv_sp__mv_daily_revenue_summary__4_2_cascade(BIGINT,BIGINT,BOOLEAN,CHARACTER VARYING,BIGINT,CHARACTER VARYING)","vevodb.analytics.mv_sp__mv_daily_revenue_summary__4_2_cascade(BIGINT,BIGINT,BOOLEAN,CHARACTER VARYING,BIGINT,CHARACTER VARYING)",CREATE PROCEDURE,XS,RedShift,DvefAe5IK3+lJQ1/aClvvQ==
53b2786d-0a21-49d8-9dc6-c4748d4df71c,Medium,SSC-EWI-0073,Pending Functional Equivalence Review,PENDING FUNCTIONAL EQUIVALENCE REVIEW FOR 'DollarStringLiteralExpr' NODE,vevodb/analytics/procedure/mv_sp__mv_daily_revenue_summary__4_2_cascade.sql,3,7306,vevodb,analytics,N/A,"mv_sp__mv_daily_revenue_summary__4_2_cascade(BIGINT,BIGINT,BOOLEAN,CHARACTER VARYING,BIGINT,CHARACTER VARYING)","vevodb.analytics.mv_sp__mv_daily_revenue_summary__4_2_cascade(BIGINT,BIGINT,BOOLEAN,CHARACTER VARYING,BIGINT,CHARACTER VARYING)",CREATE PROCEDURE,XS,RedShift,DvefAe5IK3+lJQ1/aClvvQ==
53b2786d-0a21-49d8-9dc6-c4748d4df71c,Medium,SSC-EWI-0073,Pending Functional Equivalence Review,PENDING FUNCTIONAL EQUIVALENCE REVIEW FOR 'DollarStringLiteralExpr' NODE,vevodb/analytics/procedure/mv_sp__mv_daily_revenue_summary__4_2_cascade.sql,3,7453,vevodb,analytics,N/A,"mv_sp__mv_daily_revenue_summary__4_2_cascade(BIGINT,BIGINT,BOOLEAN,CHARACTER VARYING,BIGINT,CHARACTER VARYING)","vevodb.analytics.mv_sp__mv_daily_revenue_summary__4_2_cascade(BIGINT,BIGINT,BOOLEAN,CHARACTER VARYING,BIGINT,CHARACTER VARYING)",CREATE PROCEDURE,XS,RedShift,DvefAe5IK3+lJQ1/aClvvQ==
53b2786d-0a21-49d8-9dc6-c4748d4df71c,Medium,SSC-EWI-0073,Pending Functional Equivalence Review,PENDING FUNCTIONAL EQUIVALENCE REVIEW FOR 'DollarStringLiteralExpr' NODE,vevodb/analytics/procedure/mv_sp__mv_daily_revenue_summary__4_2_cascade.sql,3,7713,vevodb,analytics,N/A,"mv_sp__mv_daily_revenue_summary__4_2_cascade(BIGINT,BIGINT,BOOLEAN,CHARACTER VARYING,BIGINT,CHARACTER VARYING)","vevodb.analytics.mv_sp__mv_daily_revenue_summary__4_2_cascade(BIGINT,BIGINT,BOOLEAN,CHARACTER VARYING,BIGINT,CHARACTER VARYING)",CREATE PROCEDURE,XS,RedShift,DvefAe5IK3+lJQ1/aClvvQ==
53b2786d-0a21-49d8-9dc6-c4748d4df71c,Medium,SSC-EWI-0073,Pending Functional Equivalence Review,PENDING FUNCTIONAL EQUIVALENCE REVIEW FOR 'DollarStringLiteralExpr' NODE,vevodb/analytics/procedure/mv_sp__mv_daily_revenue_summary__4_2_cascade.sql,3,7836,vevodb,analytics,N/A,"mv_sp__mv_daily_revenue_summary__4_2_cascade(BIGINT,BIGINT,BOOLEAN,CHARACTER VARYING,BIGINT,CHARACTER VARYING)","vevodb.analytics.mv_sp__mv_daily_revenue_summary__4_2_cascade(BIGINT,BIGINT,BOOLEAN,CHARACTER VARYING,BIGINT,CHARACTER VARYING)",CREATE PROCEDURE,XS,RedShift,DvefAe5IK3+lJQ1/aClvvQ==
53b2786d-0a21-49d8-9dc6-c4748d4df71c,Medium,SSC-EWI-0073,Pending Functional Equivalence Review,PENDING FUNCTIONAL EQUIVALENCE REVIEW FOR 'DollarStringLiteralExpr' NODE,vevodb/analytics/procedure/mv_sp__mv_daily_revenue_summary__4_2_cascade.sql,3,7977,vevodb,analytics,N/A,"mv_sp__mv_daily_revenue_summary__4_2_cascade(BIGINT,BIGINT,BOOLEAN,CHARACTER VARYING,BIGINT,CHARACTER VARYING)","vevodb.analytics.mv_sp__mv_daily_revenue_summary__4_2_cascade(BIGINT,BIGINT,BOOLEAN,CHARACTER VARYING,BIGINT,CHARACTER VARYING)",CREATE PROCEDURE,XS,RedShift,DvefAe5IK3+lJQ1/aClvvQ==
53b2786d-0a21-49d8-9dc6-c4748d4df71c,Medium,SSC-EWI-0073,Pending Functional Equivalence Review,PENDING FUNCTIONAL EQUIVALENCE REVIEW FOR 'DollarStringLiteralExpr' NODE,vevodb/analytics/procedure/mv_sp__mv_daily_revenue_summary__4_2_cascade.sql,3,8124,vevodb,analytics,N/A,"mv_sp__mv_daily_revenue_summary__4_2_cascade(BIGINT,BIGINT,BOOLEAN,CHARACTER VARYING,BIGINT,CHARACTER VARYING)","vevodb.analytics.mv_sp__mv_daily_revenue_summary__4_2_cascade(BIGINT,BIGINT,BOOLEAN,CHARACTER VARYING,BIGINT,CHARACTER VARYING)",CREATE PROCEDURE,XS,RedShift,DvefAe5IK3+lJQ1/aClvvQ==
53b2786d-0a21-49d8-9dc6-c4748d4df71c,Medium,SSC-EWI-0073,Pending Functional Equivalence Review,PENDING FUNCTIONAL EQUIVALENCE REVIEW FOR 'DollarStringLiteralExpr' NODE,vevodb/analytics/procedure/mv_sp__mv_daily_revenue_summary__4_2_cascade.sql,3,8381,vevodb,analytics,N/A,"mv_sp__mv_daily_revenue_summary__4_2_cascade(BIGINT,BIGINT,BOOLEAN,CHARACTER VARYING,BIGINT,CHARACTER VARYING)","vevodb.analytics.mv_sp__mv_daily_revenue_summary__4_2_cascade(BIGINT,BIGINT,BOOLEAN,CHARACTER VARYING,BIGINT,CHARACTER VARYING)",CREATE PROCEDURE,XS,RedShift,DvefAe5IK3+lJQ1/aClvvQ==
53b2786d-0a21-49d8-9dc6-c4748d4df71c,Medium,SSC-EWI-0073,Pending Functional Equivalence Review,PENDING FUNCTIONAL EQUIVALENCE REVIEW FOR 'DollarStringLiteralExpr' NODE,vevodb/analytics/procedure/mv_sp__mv_daily_revenue_summary__4_2_cascade.sql,3,8504,vevodb,analytics,N/A,"mv_sp__mv_daily_revenue_summary__4_2_cascade(BIGINT,BIGINT,BOOLEAN,CHARACTER VARYING,BIGINT,CHARACTER VARYING)","vevodb.analytics.mv_sp__mv_daily_revenue_summary__4_2_cascade(BIGINT,BIGINT,BOOLEAN,CHARACTER VARYING,BIGINT,CHARACTER VARYING)",CREATE PROCEDURE,XS,RedShift,DvefAe5IK3+lJQ1/aClvvQ==
53b2786d-0a21-49d8-9dc6-c4748d4df71c,Medium,SSC-EWI-0073,Pending Functional Equivalence Review,PENDING FUNCTIONAL EQUIVALENCE REVIEW FOR 'DollarStringLiteralExpr' NODE,vevodb/analytics/procedure/mv_sp__mv_daily_revenue_summary__4_2_cascade.sql,3,8645,vevodb,analytics,N/A,"mv_sp__mv_daily_revenue_summary__4_2_cascade(BIGINT,BIGINT,BOOLEAN,CHARACTER VARYING,BIGINT,CHARACTER VARYING)","vevodb.analytics.mv_sp__mv_daily_revenue_summary__4_2_cascade(BIGINT,BIGINT,BOOLEAN,CHARACTER VARYING,BIGINT,CHARACTER VARYING)",CREATE PROCEDURE,XS,RedShift,DvefAe5IK3+lJQ1/aClvvQ==
53b2786d-0a21-49d8-9dc6-c4748d4df71c,Medium,SSC-EWI-0073,Pending Functional Equivalence Review,PENDING FUNCTIONAL EQUIVALENCE REVIEW FOR 'DollarStringLiteralExpr' NODE,vevodb/analytics/procedure/mv_sp__mv_daily_revenue_summary__4_2_cascade.sql,3,8792,vevodb,analytics,N/A,"mv_sp__mv_daily_revenue_summary__4_2_cascade(BIGINT,BIGINT,BOOLEAN,CHARACTER VARYING,BIGINT,CHARACTER VARYING)","vevodb.analytics.mv_sp__mv_daily_revenue_summary__4_2_cascade(BIGINT,BIGINT,BOOLEAN,CHARACTER VARYING,BIGINT,CHARACTER VARYING)",CREATE PROCEDURE,XS,RedShift,DvefAe5IK3+lJQ1/aClvvQ==
53b2786d-0a21-49d8-9dc6-c4748d4df71c,Medium,SSC-EWI-0073,Pending Functional Equivalence Review,PENDING FUNCTIONAL EQUIVALENCE REVIEW FOR 'DollarStringLiteralExpr' NODE,vevodb/analytics/procedure/mv_sp__mv_daily_revenue_summary__4_2_cascade.sql,3,9060,vevodb,analytics,N/A,"mv_sp__mv_daily_revenue_summary__4_2_cascade(BIGINT,BIGINT,BOOLEAN,CHARACTER VARYING,BIGINT,CHARACTER VARYING)","vevodb.analytics.mv_sp__mv_daily_revenue_summary__4_2_cascade(BIGINT,BIGINT,BOOLEAN,CHARACTER VARYING,BIGINT,CHARACTER VARYING)",CREATE PROCEDURE,XS,RedShift,DvefAe5IK3+lJQ1/aClvvQ==
53b2786d-0a21-49d8-9dc6-c4748d4df71c,Medium,SSC-EWI-0073,Pending Functional Equivalence Review,PENDING FUNCTIONAL EQUIVALENCE REVIEW FOR 'DollarStringLiteralExpr' NODE,vevodb/analytics/procedure/mv_sp__mv_daily_revenue_summary__4_2_cascade.sql,3,9183,vevodb,analytics,N/A,"mv_sp__mv_daily_revenue_summary__4_2_cascade(BIGINT,BIGINT,BOOLEAN,CHARACTER VARYING,BIGINT,CHARACTER VARYING)","vevodb.analytics.mv_sp__mv_daily_revenue_summary__4_2_cascade(BIGINT,BIGINT,BOOLEAN,CHARACTER VARYING,BIGINT,CHARACTER VARYING)",CREATE PROCEDURE,XS,RedShift,DvefAe5IK3+lJQ1/aClvvQ==
53b2786d-0a21-49d8-9dc6-c4748d4df71c,Medium,SSC-EWI-0073,Pending Functional Equivalence Review,PENDING FUNCTIONAL EQUIVALENCE REVIEW FOR 'DollarStringLiteralExpr' NODE,vevodb/analytics/procedure/mv_sp__mv_daily_revenue_summary__4_2_cascade.sql,3,9324,vevodb,analytics,N/A,"mv_sp__mv_daily_revenue_summary__4_2_cascade(BIGINT,BIGINT,BOOLEAN,CHARACTER VARYING,BIGINT,CHARACTER VARYING)","vevodb.analytics.mv_sp__mv_daily_revenue_summary__4_2_cascade(BIGINT,BIGINT,BOOLEAN,CHARACTER VARYING,BIGINT,CHARACTER VARYING)",CREATE PROCEDURE,XS,RedShift,DvefAe5IK3+lJQ1/aClvvQ==
53b2786d-0a21-49d8-9dc6-c4748d4df71c,Medium,SSC-EWI-0073,Pending Functional Equivalence Review,PENDING FUNCTIONAL EQUIVALENCE REVIEW FOR 'DollarStringLiteralExpr' NODE,vevodb/analytics/procedure/mv_sp__mv_daily_revenue_summary__4_2_cascade.sql,3,9471,vevodb,analytics,N/A,"mv_sp__mv_daily_revenue_summary__4_2_cascade(BIGINT,BIGINT,BOOLEAN,CHARACTER VARYING,BIGINT,CHARACTER VARYING)","vevodb.analytics.mv_sp__mv_daily_revenue_summary__4_2_cascade(BIGINT,BIGINT,BOOLEAN,CHARACTER VARYING,BIGINT,CHARACTER VARYING)",CREATE PROCEDURE,XS,RedShift,DvefAe5IK3+lJQ1/aClvvQ==
53b2786d-0a21-49d8-9dc6-c4748d4df71c,Medium,SSC-EWI-0073,Pending Functional Equivalence Review,PENDING FUNCTIONAL EQUIVALENCE REVIEW FOR 'DollarStringLiteralExpr' NODE,vevodb/analytics/procedure/mv_sp__mv_daily_revenue_summary__4_2_cascade.sql,3,9704,vevodb,analytics,N/A,"mv_sp__mv_daily_revenue_summary__4_2_cascade(BIGINT,BIGINT,BOOLEAN,CHARACTER VARYING,BIGINT,CHARACTER VARYING)","vevodb.analytics.mv_sp__mv_daily_revenue_summary__4_2_cascade(BIGINT,BIGINT,BOOLEAN,CHARACTER VARYING,BIGINT,CHARACTER VARYING)",CREATE PROCEDURE,XS,RedShift,DvefAe5IK3+lJQ1/aClvvQ==
53b2786d-0a21-49d8-9dc6-c4748d4df71c,Medium,SSC-EWI-0073,Pending Functional Equivalence Review,PENDING FUNCTIONAL EQUIVALENCE REVIEW FOR 'DollarStringLiteralExpr' NODE,vevodb/analytics/procedure/mv_sp__mv_daily_revenue_summary__4_2_cascade.sql,3,9827,vevodb,analytics,N/A,"mv_sp__mv_daily_revenue_summary__4_2_cascade(BIGINT,BIGINT,BOOLEAN,CHARACTER VARYING,BIGINT,CHARACTER VARYING)","vevodb.analytics.mv_sp__mv_daily_revenue_summary__4_2_cascade(BIGINT,BIGINT,BOOLEAN,CHARACTER VARYING,BIGINT,CHARACTER VARYING)",CREATE PROCEDURE,XS,RedShift,DvefAe5IK3+lJQ1/aClvvQ==
53b2786d-0a21-49d8-9dc6-c4748d4df71c,Medium,SSC-EWI-0073,Pending Functional Equivalence Review,PENDING FUNCTIONAL EQUIVALENCE REVIEW FOR 'DollarStringLiteralExpr' NODE,vevodb/analytics/procedure/mv_sp__mv_daily_revenue_summary__4_2_cascade.sql,3,9968,vevodb,analytics,N/A,"mv_sp__mv_daily_revenue_summary__4_2_cascade(BIGINT,BIGINT,BOOLEAN,CHARACTER VARYING,BIGINT,CHARACTER VARYING)","vevodb.analytics.mv_sp__mv_daily_revenue_summary__4_2_cascade(BIGINT,BIGINT,BOOLEAN,CHARACTER VARYING,BIGINT,CHARACTER VARYING)",CREATE PROCEDURE,XS,RedShift,DvefAe5IK3+lJQ1/aClvvQ==
53b2786d-0a21-49d8-9dc6-c4748d4df71c,Medium,SSC-EWI-0073,Pending Functional Equivalence Review,PENDING FUNCTIONAL EQUIVALENCE REVIEW FOR 'DollarStringLiteralExpr' NODE,vevodb/analytics/procedure/mv_sp__mv_daily_revenue_summary__4_2_cascade.sql,3,10115,vevodb,analytics,N/A,"mv_sp__mv_daily_revenue_summary__4_2_cascade(BIGINT,BIGINT,BOOLEAN,CHARACTER VARYING,BIGINT,CHARACTER VARYING)","vevodb.analytics.mv_sp__mv_daily_revenue_summary__4_2_cascade(BIGINT,BIGINT,BOOLEAN,CHARACTER VARYING,BIGINT,CHARACTER VARYING)",CREATE PROCEDURE,XS,RedShift,DvefAe5IK3+lJQ1/aClvvQ==
53b2786d-0a21-49d8-9dc6-c4748d4df71c,Medium,SSC-EWI-0073,Pending Functional Equivalence Review,PENDING FUNCTIONAL EQUIVALENCE REVIEW FOR 'DollarStringLiteralExpr' NODE,vevodb/analytics/procedure/mv_sp__mv_daily_revenue_summary__4_2_cascade.sql,3,10397,vevodb,analytics,N/A,"mv_sp__mv_daily_revenue_summary__4_2_cascade(BIGINT,BIGINT,BOOLEAN,CHARACTER VARYING,BIGINT,CHARACTER VARYING)","vevodb.analytics.mv_sp__mv_daily_revenue_summary__4_2_cascade(BIGINT,BIGINT,BOOLEAN,CHARACTER VARYING,BIGINT,CHARACTER VARYING)",CREATE PROCEDURE,XS,RedShift,DvefAe5IK3+lJQ1/aClvvQ==
53b2786d-0a21-49d8-9dc6-c4748d4df71c,Medium,SSC-EWI-0073,Pending Functional Equivalence Review,PENDING FUNCTIONAL EQUIVALENCE REVIEW FOR 'DollarStringLiteralExpr' NODE,vevodb/analytics/procedure/mv_sp__mv_daily_revenue_summary__4_2_cascade.sql,3,10539,vevodb,analytics,N/A,"mv_sp__mv_daily_revenue_summary__4_2_cascade(BIGINT,BIGINT,BOOLEAN,CHARACTER VARYING,BIGINT,CHARACTER VARYING)","vevodb.analytics.mv_sp__mv_daily_revenue_summary__4_2_cascade(BIGINT,BIGINT,BOOLEAN,CHARACTER VARYING,BIGINT,CHARACTER VARYING)",CREATE PROCEDURE,XS,RedShift,DvefAe5IK3+lJQ1/aClvvQ==
53b2786d-0a21-49d8-9dc6-c4748d4df71c,Medium,SSC-EWI-0073,Pending Functional Equivalence Review,PENDING FUNCTIONAL EQUIVALENCE REVIEW FOR 'DollarStringLiteralExpr' NODE,vevodb/analytics/procedure/mv_sp__mv_daily_revenue_summary__4_2_cascade.sql,3,10655,vevodb,analytics,N/A,"mv_sp__mv_daily_revenue_summary__4_2_cascade(BIGINT,BIGINT,BOOLEAN,CHARACTER VARYING,BIGINT,CHARACTER VARYING)","vevodb.analytics.mv_sp__mv_daily_revenue_summary__4_2_cascade(BIGINT,BIGINT,BOOLEAN,CHARACTER VARYING,BIGINT,CHARACTER VARYING)",CREATE PROCEDURE,XS,RedShift,DvefAe5IK3+lJQ1/aClvvQ==
53b2786d-0a21-49d8-9dc6-c4748d4df71c,Medium,SSC-EWI-0073,Pending Functional Equivalence Review,PENDING FUNCTIONAL EQUIVALENCE REVIEW FOR 'DollarStringLiteralExpr' NODE,vevodb/analytics/procedure/mv_sp__mv_daily_revenue_summary__4_2_cascade.sql,3,10800,vevodb,analytics,N/A,"mv_sp__mv_daily_revenue_summary__4_2_cascade(BIGINT,BIGINT,BOOLEAN,CHARACTER VARYING,BIGINT,CHARACTER VARYING)","vevodb.analytics.mv_sp__mv_daily_revenue_summary__4_2_cascade(BIGINT,BIGINT,BOOLEAN,CHARACTER VARYING,BIGINT,CHARACTER VARYING)",CREATE PROCEDURE,XS,RedShift,DvefAe5IK3+lJQ1/aClvvQ==
53b2786d-0a21-49d8-9dc6-c4748d4df71c,Medium,SSC-EWI-0073,Pending Functional Equivalence Review,PENDING FUNCTIONAL EQUIVALENCE REVIEW FOR 'DollarStringLiteralExpr' NODE,vevodb/analytics/procedure/mv_sp__mv_daily_revenue_summary__4_2_cascade.sql,3,10948,vevodb,analytics,N/A,"mv_sp__mv_daily_revenue_summary__4_2_cascade(BIGINT,BIGINT,BOOLEAN,CHARACTER VARYING,BIGINT,CHARACTER VARYING)","vevodb.analytics.mv_sp__mv_daily_revenue_summary__4_2_cascade(BIGINT,BIGINT,BOOLEAN,CHARACTER VARYING,BIGINT,CHARACTER VARYING)",CREATE PROCEDURE,XS,RedShift,DvefAe5IK3+lJQ1/aClvvQ==
53b2786d-0a21-49d8-9dc6-c4748d4df71c,Medium,SSC-EWI-0073,Pending Functional Equivalence Review,PENDING FUNCTIONAL EQUIVALENCE REVIEW FOR 'DollarStringLiteralExpr' NODE,vevodb/analytics/procedure/mv_sp__mv_daily_revenue_summary__4_2_cascade.sql,3,11071,vevodb,analytics,N/A,"mv_sp__mv_daily_revenue_summary__4_2_cascade(BIGINT,BIGINT,BOOLEAN,CHARACTER VARYING,BIGINT,CHARACTER VARYING)","vevodb.analytics.mv_sp__mv_daily_revenue_summary__4_2_cascade(BIGINT,BIGINT,BOOLEAN,CHARACTER VARYING,BIGINT,CHARACTER VARYING)",CREATE PROCEDURE,XS,RedShift,DvefAe5IK3+lJQ1/aClvvQ==
53b2786d-0a21-49d8-9dc6-c4748d4df71c,Medium,SSC-EWI-0073,Pending Functional Equivalence Review,PENDING FUNCTIONAL EQUIVALENCE REVIEW FOR 'DollarStringLiteralExpr' NODE,vevodb/analytics/procedure/mv_sp__mv_daily_revenue_summary__4_2_cascade.sql,3,11226,vevodb,analytics,N/A,"mv_sp__mv_daily_revenue_summary__4_2_cascade(BIGINT,BIGINT,BOOLEAN,CHARACTER VARYING,BIGINT,CHARACTER VARYING)","vevodb.analytics.mv_sp__mv_daily_revenue_summary__4_2_cascade(BIGINT,BIGINT,BOOLEAN,CHARACTER VARYING,BIGINT,CHARACTER VARYING)",CREATE PROCEDURE,XS,RedShift,DvefAe5IK3+lJQ1/aClvvQ==
53b2786d-0a21-49d8-9dc6-c4748d4df71c,Medium,SSC-EWI-0073,Pending Functional Equivalence Review,PENDING FUNCTIONAL EQUIVALENCE REVIEW FOR 'DollarStringLiteralExpr' NODE,vevodb/analytics/procedure/mv_sp__mv_daily_revenue_summary__4_2_cascade.sql,3,11374,vevodb,analytics,N/A,"mv_sp__mv_daily_revenue_summary__4_2_cascade(BIGINT,BIGINT,BOOLEAN,CHARACTER VARYING,BIGINT,CHARACTER VARYING)","vevodb.analytics.mv_sp__mv_daily_revenue_summary__4_2_cascade(BIGINT,BIGINT,BOOLEAN,CHARACTER VARYING,BIGINT,CHARACTER VARYING)",CREATE PROCEDURE,XS,RedShift,DvefAe5IK3+lJQ1/aClvvQ==
53b2786d-0a21-49d8-9dc6-c4748d4df71c,Medium,SSC-EWI-0073,Pending Functional Equivalence Review,PENDING FUNCTIONAL EQUIVALENCE REVIEW FOR 'DollarStringLiteralExpr' NODE,vevodb/analytics/procedure/mv_sp__mv_daily_revenue_summary__4_2_cascade.sql,3,11516,vevodb,analytics,N/A,"mv_sp__mv_daily_revenue_summary__4_2_cascade(BIGINT,BIGINT,BOOLEAN,CHARACTER VARYING,BIGINT,CHARACTER VARYING)","vevodb.analytics.mv_sp__mv_daily_revenue_summary__4_2_cascade(BIGINT,BIGINT,BOOLEAN,CHARACTER VARYING,BIGINT,CHARACTER VARYING)",CREATE PROCEDURE,XS,RedShift,DvefAe5IK3+lJQ1/aClvvQ==
53b2786d-0a21-49d8-9dc6-c4748d4df71c,Medium,SSC-EWI-0073,Pending Functional Equivalence Review,PENDING FUNCTIONAL EQUIVALENCE REVIEW FOR 'DollarStringLiteralExpr' NODE,vevodb/analytics/procedure/mv_sp__mv_daily_revenue_summary__4_2_cascade.sql,3,11635,vevodb,analytics,N/A,"mv_sp__mv_daily_revenue_summary__4_2_cascade(BIGINT,BIGINT,BOOLEAN,CHARACTER VARYING,BIGINT,CHARACTER VARYING)","vevodb.analytics.mv_sp__mv_daily_revenue_summary__4_2_cascade(BIGINT,BIGINT,BOOLEAN,CHARACTER VARYING,BIGINT,CHARACTER VARYING)",CREATE PROCEDURE,XS,RedShift,DvefAe5IK3+lJQ1/aClvvQ==
53b2786d-0a21-49d8-9dc6-c4748d4df71c,Medium,SSC-EWI-0073,Pending Functional Equivalence Review,PENDING FUNCTIONAL EQUIVALENCE REVIEW FOR 'DollarStringLiteralExpr' NODE,vevodb/analytics/procedure/mv_sp__mv_daily_revenue_summary__4_2_cascade.sql,3,11758,vevodb,analytics,N/A,"mv_sp__mv_daily_revenue_summary__4_2_cascade(BIGINT,BIGINT,BOOLEAN,CHARACTER VARYING,BIGINT,CHARACTER VARYING)","vevodb.analytics.mv_sp__mv_daily_revenue_summary__4_2_cascade(BIGINT,BIGINT,BOOLEAN,CHARACTER VARYING,BIGINT,CHARACTER VARYING)",CREATE PROCEDURE,XS,RedShift,DvefAe5IK3+lJQ1/aClvvQ==
53b2786d-0a21-49d8-9dc6-c4748d4df71c,Medium,SSC-EWI-0073,Pending Functional Equivalence Review,PENDING FUNCTIONAL EQUIVALENCE REVIEW FOR 'DollarStringLiteralExpr' NODE,vevodb/analytics/procedure/mv_sp__mv_daily_revenue_summary__4_2_cascade.sql,3,11913,vevodb,analytics,N/A,"mv_sp__mv_daily_revenue_summary__4_2_cascade(BIGINT,BIGINT,BOOLEAN,CHARACTER VARYING,BIGINT,CHARACTER VARYING)","vevodb.analytics.mv_sp__mv_daily_revenue_summary__4_2_cascade(BIGINT,BIGINT,BOOLEAN,CHARACTER VARYING,BIGINT,CHARACTER VARYING)",CREATE PROCEDURE,XS,RedShift,DvefAe5IK3+lJQ1/aClvvQ==
53b2786d-0a21-49d8-9dc6-c4748d4df71c,Medium,SSC-EWI-0073,Pending Functional Equivalence Review,PENDING FUNCTIONAL EQUIVALENCE REVIEW FOR 'DollarStringLiteralExpr' NODE,vevodb/analytics/procedure/mv_sp__mv_daily_revenue_summary__4_2_cascade.sql,3,12062,vevodb,analytics,N/A,"mv_sp__mv_daily_revenue_summary__4_2_cascade(BIGINT,BIGINT,BOOLEAN,CHARACTER VARYING,BIGINT,CHARACTER VARYING)","vevodb.analytics.mv_sp__mv_daily_revenue_summary__4_2_cascade(BIGINT,BIGINT,BOOLEAN,CHARACTER VARYING,BIGINT,CHARACTER VARYING)",CREATE PROCEDURE,XS,RedShift,DvefAe5IK3+lJQ1/aClvvQ==
53b2786d-0a21-49d8-9dc6-c4748d4df71c,Medium,SSC-EWI-0073,Pending Functional Equivalence Review,PENDING FUNCTIONAL EQUIVALENCE REVIEW FOR 'DollarStringLiteralExpr' NODE,vevodb/analytics/procedure/mv_sp__mv_daily_revenue_summary__4_2_cascade.sql,3,12210,vevodb,analytics,N/A,"mv_sp__mv_daily_revenue_summary__4_2_cascade(BIGINT,BIGINT,BOOLEAN,CHARACTER VARYING,BIGINT,CHARACTER VARYING)","vevodb.analytics.mv_sp__mv_daily_revenue_summary__4_2_cascade(BIGINT,BIGINT,BOOLEAN,CHARACTER VARYING,BIGINT,CHARACTER VARYING)",CREATE PROCEDURE,XS,RedShift,DvefAe5IK3+lJQ1/aClvvQ==
53b2786d-0a21-49d8-9dc6-c4748d4df71c,Medium,SSC-EWI-0073,Pending Functional Equivalence Review,PENDING FUNCTIONAL EQUIVALENCE REVIEW FOR 'DollarStringLiteralExpr' NODE,vevodb/analytics/procedure/mv_sp__mv_daily_revenue_summary__4_2_cascade.sql,3,12340,vevodb,analytics,N/A,"mv_sp__mv_daily_revenue_summary__4_2_cascade(BIGINT,BIGINT,BOOLEAN,CHARACTER VARYING,BIGINT,CHARACTER VARYING)","vevodb.analytics.mv_sp__mv_daily_revenue_summary__4_2_cascade(BIGINT,BIGINT,BOOLEAN,CHARACTER VARYING,BIGINT,CHARACTER VARYING)",CREATE PROCEDURE,XS,RedShift,DvefAe5IK3+lJQ1/aClvvQ==
53b2786d-0a21-49d8-9dc6-c4748d4df71c,Medium,SSC-EWI-0027,Variable with invalid query,THE FOLLOWING STATEMENT USES A VARIABLE/LITERAL WITH AN INVALID QUERY AND IT WILL NOT BE EXECUTED,vevodb/analytics/procedure/mv_sp__mv_daily_revenue_summary__4_2_cascade.sql,3,3052,vevodb,analytics,N/A,"mv_sp__mv_daily_revenue_summary__4_2_cascade(BIGINT,BIGINT,BOOLEAN,CHARACTER VARYING,BIGINT,CHARACTER VARYING)","vevodb.analytics.mv_sp__mv_daily_revenue_summary__4_2_cascade(BIGINT,BIGINT,BOOLEAN,CHARACTER VARYING,BIGINT,CHARACTER VARYING)",CREATE PROCEDURE,XS,RedShift,DvefAe5IK3+lJQ1/aClvvQ==
53b2786d-0a21-49d8-9dc6-c4748d4df71c,Medium,SSC-EWI-0073,Pending Functional Equivalence Review,PENDING FUNCTIONAL EQUIVALENCE REVIEW FOR 'DollarStringLiteralExpr' NODE,vevodb/analytics/procedure/mv_sp__mv_daily_revenue_summary__4_2_cascade.sql,3,12468,vevodb,analytics,N/A,"mv_sp__mv_daily_revenue_summary__4_2_cascade(BIGINT,BIGINT,BOOLEAN,CHARACTER VARYING,BIGINT,CHARACTER VARYING)","vevodb.analytics.mv_sp__mv_daily_revenue_summary__4_2_cascade(BIGINT,BIGINT,BOOLEAN,CHARACTER VARYING,BIGINT,CHARACTER VARYING)",CREATE PROCEDURE,XS,RedShift,DvefAe5IK3+lJQ1/aClvvQ==
53b2786d-0a21-49d8-9dc6-c4748d4df71c,Medium,SSC-EWI-0027,Variable with invalid query,THE FOLLOWING STATEMENT USES A VARIABLE/LITERAL WITH AN INVALID QUERY AND IT WILL NOT BE EXECUTED,vevodb/analytics/procedure/mv_sp__mv_daily_revenue_summary__4_2_cascade.sql,3,12460,vevodb,analytics,N/A,"mv_sp__mv_daily_revenue_summary__4_2_cascade(BIGINT,BIGINT,BOOLEAN,CHARACTER VARYING,BIGINT,CHARACTER VARYING)","vevodb.analytics.mv_sp__mv_daily_revenue_summary__4_2_cascade(BIGINT,BIGINT,BOOLEAN,CHARACTER VARYING,BIGINT,CHARACTER VARYING)",CREATE PROCEDURE,XS,RedShift,DvefAe5IK3+lJQ1/aClvvQ==
53b2786d-0a21-49d8-9dc6-c4748d4df71c,None,SSC-FDM-0007,Element with missing dependencies,"MISSING DEPENDENT OBJECTS """"analytics"".""mv_tbl__mv_daily_revenue_summary__0_recomputed"""", """"analytics"".""mv_tbl__mv_daily_revenue_summary__0"""", """"mv_tbl__mv_daily_revenue_summary__0__insert_tmp"""", """"mv_tbl__mv_daily_revenue_summary__0_tmp""""",vevodb/analytics/procedure/mv_sp__mv_daily_revenue_summary__4_2_cascade.sql,1,0,vevodb,analytics,N/A,"mv_sp__mv_daily_revenue_summary__4_2_cascade(BIGINT,BIGINT,BOOLEAN,CHARACTER VARYING,BIGINT,CHARACTER VARYING)","vevodb.analytics.mv_sp__mv_daily_revenue_summary__4_2_cascade(BIGINT,BIGINT,BOOLEAN,CHARACTER VARYING,BIGINT,CHARACTER VARYING)",CREATE PROCEDURE,XS,RedShift,DvefAe5IK3+lJQ1/aClvvQ==
