PartitionKey,FileName,Caller_CodeUnit,Caller_CodeUnit_Database,Caller_CodeUnit_Schema,Caller_CodeUnit_Name,Caller_CodeUnit_FullName,Referenced_Element_Type,Referenced_Element_Database,Referenced_Element_Schema,Referenced_Element_Name,Referenced_Element_FullName,Line,Relation_Type
53b2786d-0a21-49d8-9dc6-c4748d4df71c,vevodb/analytics/procedure/mv_sp__mv_daily_revenue_summary__4_2_cascade.sql,CREATE PROCEDURE,vevodb,analytics,"mv_sp__mv_daily_revenue_summary__4_2_cascade(BIGINT,BIGINT,BOOLEAN,CHARACTER VARYING,BIGINT,CHARACTER VARYING)","vevodb.analytics.mv_sp__mv_daily_revenue_summary__4_2_cascade(BIGINT,BIGINT,BOOLEAN,CHARACTER VARYING,BIGINT,CHARACTER VARYING)",MISSING,N/A,N/A,"""mv_tbl__mv_daily_revenue_summary__0__insert_tmp""","""mv_tbl__mv_daily_revenue_summary__0__insert_tmp""",3,DROP
53b2786d-0a21-49d8-9dc6-c4748d4df71c,vevodb/analytics/procedure/mv_sp__mv_daily_revenue_summary__4_2_cascade.sql,CREATE PROCEDURE,vevodb,analytics,"mv_sp__mv_daily_revenue_summary__4_2_cascade(BIGINT,BIGINT,BOOLEAN,CHARACTER VARYING,BIGINT,CHARACTER VARYING)","vevodb.analytics.mv_sp__mv_daily_revenue_summary__4_2_cascade(BIGINT,BIGINT,BOOLEAN,CHARACTER VARYING,BIGINT,CHARACTER VARYING)",MISSING,N/A,N/A,"""mv_tbl__mv_daily_revenue_summary__0_tmp""","""mv_tbl__mv_daily_revenue_summary__0_tmp""",3,DROP
53b2786d-0a21-49d8-9dc6-c4748d4df71c,vevodb/analytics/procedure/mv_sp__mv_daily_revenue_summary__4_2_cascade.sql,CREATE PROCEDURE,vevodb,analytics,"mv_sp__mv_daily_revenue_summary__4_2_cascade(BIGINT,BIGINT,BOOLEAN,CHARACTER VARYING,BIGINT,CHARACTER VARYING)","vevodb.analytics.mv_sp__mv_daily_revenue_summary__4_2_cascade(BIGINT,BIGINT,BOOLEAN,CHARACTER VARYING,BIGINT,CHARACTER VARYING)",MISSING,N/A,N/A,"""mv_tbl__mv_daily_revenue_summary__0__insert_tmp""","""mv_tbl__mv_daily_revenue_summary__0__insert_tmp""",3,SELECT - FROM
53b2786d-0a21-49d8-9dc6-c4748d4df71c,vevodb/analytics/procedure/mv_sp__mv_daily_revenue_summary__4_2_cascade.sql,CREATE PROCEDURE,vevodb,analytics,"mv_sp__mv_daily_revenue_summary__4_2_cascade(BIGINT,BIGINT,BOOLEAN,CHARACTER VARYING,BIGINT,CHARACTER VARYING)","vevodb.analytics.mv_sp__mv_daily_revenue_summary__4_2_cascade(BIGINT,BIGINT,BOOLEAN,CHARACTER VARYING,BIGINT,CHARACTER VARYING)",MISSING,N/A,"""analytics""","""mv_tbl__mv_daily_revenue_summary__0""","""analytics"".""mv_tbl__mv_daily_revenue_summary__0""",3,INSERT
53b2786d-0a21-49d8-9dc6-c4748d4df71c,vevodb/analytics/procedure/mv_sp__mv_daily_revenue_summary__4_2_cascade.sql,CREATE PROCEDURE,vevodb,analytics,"mv_sp__mv_daily_revenue_summary__4_2_cascade(BIGINT,BIGINT,BOOLEAN,CHARACTER VARYING,BIGINT,CHARACTER VARYING)","vevodb.analytics.mv_sp__mv_daily_revenue_summary__4_2_cascade(BIGINT,BIGINT,BOOLEAN,CHARACTER VARYING,BIGINT,CHARACTER VARYING)",MISSING,N/A,"""analytics""","""mv_tbl__mv_daily_revenue_summary__0""","""analytics"".""mv_tbl__mv_daily_revenue_summary__0""",3,DELETE
53b2786d-0a21-49d8-9dc6-c4748d4df71c,vevodb/analytics/procedure/mv_sp__mv_daily_revenue_summary__4_2_cascade.sql,CREATE PROCEDURE,vevodb,analytics,"mv_sp__mv_daily_revenue_summary__4_2_cascade(BIGINT,BIGINT,BOOLEAN,CHARACTER VARYING,BIGINT,CHARACTER VARYING)","vevodb.analytics.mv_sp__mv_daily_revenue_summary__4_2_cascade(BIGINT,BIGINT,BOOLEAN,CHARACTER VARYING,BIGINT,CHARACTER VARYING)",MISSING,N/A,"""analytics""","""mv_tbl__mv_daily_revenue_summary__0""","""analytics"".""mv_tbl__mv_daily_revenue_summary__0""",3,SELECT - FROM
53b2786d-0a21-49d8-9dc6-c4748d4df71c,vevodb/analytics/procedure/mv_sp__mv_daily_revenue_summary__4_2_cascade.sql,CREATE PROCEDURE,vevodb,analytics,"mv_sp__mv_daily_revenue_summary__4_2_cascade(BIGINT,BIGINT,BOOLEAN,CHARACTER VARYING,BIGINT,CHARACTER VARYING)","vevodb.analytics.mv_sp__mv_daily_revenue_summary__4_2_cascade(BIGINT,BIGINT,BOOLEAN,CHARACTER VARYING,BIGINT,CHARACTER VARYING)",MISSING,N/A,"""analytics""","""mv_tbl__mv_daily_revenue_summary__0_recomputed""","""analytics"".""mv_tbl__mv_daily_revenue_summary__0_recomputed""",3,ALTER
53b2786d-0a21-49d8-9dc6-c4748d4df71c,vevodb/analytics/procedure/mv_sp__mv_daily_revenue_summary__4_2_cascade.sql,CREATE PROCEDURE,vevodb,analytics,"mv_sp__mv_daily_revenue_summary__4_2_cascade(BIGINT,BIGINT,BOOLEAN,CHARACTER VARYING,BIGINT,CHARACTER VARYING)","vevodb.analytics.mv_sp__mv_daily_revenue_summary__4_2_cascade(BIGINT,BIGINT,BOOLEAN,CHARACTER VARYING,BIGINT,CHARACTER VARYING)",MISSING,N/A,"""analytics""","""mv_tbl__mv_daily_revenue_summary__0""","""analytics"".""mv_tbl__mv_daily_revenue_summary__0""",3,DROP
53b2786d-0a21-49d8-9dc6-c4748d4df71c,vevodb/analytics/procedure/mv_sp__mv_daily_revenue_summary__4_2_cascade.sql,CREATE PROCEDURE,vevodb,analytics,"mv_sp__mv_daily_revenue_summary__4_2_cascade(BIGINT,BIGINT,BOOLEAN,CHARACTER VARYING,BIGINT,CHARACTER VARYING)","vevodb.analytics.mv_sp__mv_daily_revenue_summary__4_2_cascade(BIGINT,BIGINT,BOOLEAN,CHARACTER VARYING,BIGINT,CHARACTER VARYING)",MISSING,N/A,"""analytics""","""mv_tbl__mv_daily_revenue_summary__0_recomputed""","""analytics"".""mv_tbl__mv_daily_revenue_summary__0_recomputed""",3,SELECT - FROM
53b2786d-0a21-49d8-9dc6-c4748d4df71c,vevodb/operations/procedure/mv_sp__mv_advertiser_spend__4_2_cascade.sql,CREATE PROCEDURE,vevodb,operations,"mv_sp__mv_advertiser_spend__4_2_cascade(BIGINT,BIGINT,BOOLEAN,CHARACTER VARYING,BIGINT,CHARACTER VARYING)","vevodb.operations.mv_sp__mv_advertiser_spend__4_2_cascade(BIGINT,BIGINT,BOOLEAN,CHARACTER VARYING,BIGINT,CHARACTER VARYING)",MISSING,N/A,N/A,"""mv_tbl__mv_advertiser_spend__0__insert_tmp""","""mv_tbl__mv_advertiser_spend__0__insert_tmp""",3,DROP
53b2786d-0a21-49d8-9dc6-c4748d4df71c,vevodb/operations/procedure/mv_sp__mv_advertiser_spend__4_2_cascade.sql,CREATE PROCEDURE,vevodb,operations,"mv_sp__mv_advertiser_spend__4_2_cascade(BIGINT,BIGINT,BOOLEAN,CHARACTER VARYING,BIGINT,CHARACTER VARYING)","vevodb.operations.mv_sp__mv_advertiser_spend__4_2_cascade(BIGINT,BIGINT,BOOLEAN,CHARACTER VARYING,BIGINT,CHARACTER VARYING)",MISSING,N/A,N/A,"""mv_tbl__mv_advertiser_spend__0_tmp""","""mv_tbl__mv_advertiser_spend__0_tmp""",3,DROP
53b2786d-0a21-49d8-9dc6-c4748d4df71c,vevodb/operations/procedure/mv_sp__mv_advertiser_spend__4_2_cascade.sql,CREATE PROCEDURE,vevodb,operations,"mv_sp__mv_advertiser_spend__4_2_cascade(BIGINT,BIGINT,BOOLEAN,CHARACTER VARYING,BIGINT,CHARACTER VARYING)","vevodb.operations.mv_sp__mv_advertiser_spend__4_2_cascade(BIGINT,BIGINT,BOOLEAN,CHARACTER VARYING,BIGINT,CHARACTER VARYING)",MISSING,N/A,N/A,"""mv_tbl__mv_advertiser_spend__0__insert_tmp""","""mv_tbl__mv_advertiser_spend__0__insert_tmp""",3,SELECT - FROM
53b2786d-0a21-49d8-9dc6-c4748d4df71c,vevodb/operations/procedure/mv_sp__mv_advertiser_spend__4_2_cascade.sql,CREATE PROCEDURE,vevodb,operations,"mv_sp__mv_advertiser_spend__4_2_cascade(BIGINT,BIGINT,BOOLEAN,CHARACTER VARYING,BIGINT,CHARACTER VARYING)","vevodb.operations.mv_sp__mv_advertiser_spend__4_2_cascade(BIGINT,BIGINT,BOOLEAN,CHARACTER VARYING,BIGINT,CHARACTER VARYING)",MISSING,N/A,"""operations""","""mv_tbl__mv_advertiser_spend__0""","""operations"".""mv_tbl__mv_advertiser_spend__0""",3,INSERT
53b2786d-0a21-49d8-9dc6-c4748d4df71c,vevodb/operations/procedure/mv_sp__mv_advertiser_spend__4_2_cascade.sql,CREATE PROCEDURE,vevodb,operations,"mv_sp__mv_advertiser_spend__4_2_cascade(BIGINT,BIGINT,BOOLEAN,CHARACTER VARYING,BIGINT,CHARACTER VARYING)","vevodb.operations.mv_sp__mv_advertiser_spend__4_2_cascade(BIGINT,BIGINT,BOOLEAN,CHARACTER VARYING,BIGINT,CHARACTER VARYING)",MISSING,N/A,"""operations""","""mv_tbl__mv_advertiser_spend__0""","""operations"".""mv_tbl__mv_advertiser_spend__0""",3,DELETE
53b2786d-0a21-49d8-9dc6-c4748d4df71c,vevodb/operations/procedure/mv_sp__mv_advertiser_spend__4_2_cascade.sql,CREATE PROCEDURE,vevodb,operations,"mv_sp__mv_advertiser_spend__4_2_cascade(BIGINT,BIGINT,BOOLEAN,CHARACTER VARYING,BIGINT,CHARACTER VARYING)","vevodb.operations.mv_sp__mv_advertiser_spend__4_2_cascade(BIGINT,BIGINT,BOOLEAN,CHARACTER VARYING,BIGINT,CHARACTER VARYING)",MISSING,N/A,"""operations""","""mv_tbl__mv_advertiser_spend__0""","""operations"".""mv_tbl__mv_advertiser_spend__0""",3,SELECT - FROM
53b2786d-0a21-49d8-9dc6-c4748d4df71c,vevodb/operations/procedure/mv_sp__mv_advertiser_spend__4_2_cascade.sql,CREATE PROCEDURE,vevodb,operations,"mv_sp__mv_advertiser_spend__4_2_cascade(BIGINT,BIGINT,BOOLEAN,CHARACTER VARYING,BIGINT,CHARACTER VARYING)","vevodb.operations.mv_sp__mv_advertiser_spend__4_2_cascade(BIGINT,BIGINT,BOOLEAN,CHARACTER VARYING,BIGINT,CHARACTER VARYING)",MISSING,N/A,"""operations""","""mv_tbl__mv_advertiser_spend__0_recomputed""","""operations"".""mv_tbl__mv_advertiser_spend__0_recomputed""",3,ALTER
53b2786d-0a21-49d8-9dc6-c4748d4df71c,vevodb/operations/procedure/mv_sp__mv_advertiser_spend__4_2_cascade.sql,CREATE PROCEDURE,vevodb,operations,"mv_sp__mv_advertiser_spend__4_2_cascade(BIGINT,BIGINT,BOOLEAN,CHARACTER VARYING,BIGINT,CHARACTER VARYING)","vevodb.operations.mv_sp__mv_advertiser_spend__4_2_cascade(BIGINT,BIGINT,BOOLEAN,CHARACTER VARYING,BIGINT,CHARACTER VARYING)",MISSING,N/A,"""operations""","""mv_tbl__mv_advertiser_spend__0""","""operations"".""mv_tbl__mv_advertiser_spend__0""",3,DROP
53b2786d-0a21-49d8-9dc6-c4748d4df71c,vevodb/operations/procedure/mv_sp__mv_advertiser_spend__4_2_cascade.sql,CREATE PROCEDURE,vevodb,operations,"mv_sp__mv_advertiser_spend__4_2_cascade(BIGINT,BIGINT,BOOLEAN,CHARACTER VARYING,BIGINT,CHARACTER VARYING)","vevodb.operations.mv_sp__mv_advertiser_spend__4_2_cascade(BIGINT,BIGINT,BOOLEAN,CHARACTER VARYING,BIGINT,CHARACTER VARYING)",MISSING,N/A,"""operations""","""mv_tbl__mv_advertiser_spend__0_recomputed""","""operations"".""mv_tbl__mv_advertiser_spend__0_recomputed""",3,SELECT - FROM
53b2786d-0a21-49d8-9dc6-c4748d4df71c,vevodb/analytics/materializedview/mv_daily_revenue_summary.sql,CREATE MATERIALIZED VIEW,vevodb,analytics,mv_daily_revenue_summary,vevodb.analytics.mv_daily_revenue_summary,CREATE TABLE,vevodb,analytics,daily_streams,vevodb.analytics.daily_streams,9,SELECT - FROM
53b2786d-0a21-49d8-9dc6-c4748d4df71c,vevodb/analytics/view/v_top_artists_by_streams.sql,CREATE VIEW,vevodb,analytics,v_top_artists_by_streams,vevodb.analytics.v_top_artists_by_streams,CREATE TABLE,vevodb,music_catalog,artists,vevodb.music_catalog.artists,3,SELECT - JOIN
53b2786d-0a21-49d8-9dc6-c4748d4df71c,vevodb/analytics/view/v_top_artists_by_streams.sql,CREATE VIEW,vevodb,analytics,v_top_artists_by_streams,vevodb.analytics.v_top_artists_by_streams,CREATE TABLE,vevodb,music_catalog,videos,vevodb.music_catalog.videos,4,SELECT - JOIN
53b2786d-0a21-49d8-9dc6-c4748d4df71c,vevodb/analytics/view/v_top_artists_by_streams.sql,CREATE VIEW,vevodb,analytics,v_top_artists_by_streams,vevodb.analytics.v_top_artists_by_streams,CREATE TABLE,vevodb,analytics,daily_streams,vevodb.analytics.daily_streams,5,SELECT - JOIN
53b2786d-0a21-49d8-9dc6-c4748d4df71c,vevodb/music_catalog/view/v_video_catalog.sql,CREATE VIEW,vevodb,music_catalog,v_video_catalog,vevodb.music_catalog.v_video_catalog,CREATE TABLE,vevodb,music_catalog,videos,vevodb.music_catalog.videos,3,SELECT - JOIN
53b2786d-0a21-49d8-9dc6-c4748d4df71c,vevodb/music_catalog/view/v_video_catalog.sql,CREATE VIEW,vevodb,music_catalog,v_video_catalog,vevodb.music_catalog.v_video_catalog,CREATE TABLE,vevodb,music_catalog,artists,vevodb.music_catalog.artists,4,SELECT - JOIN
53b2786d-0a21-49d8-9dc6-c4748d4df71c,vevodb/music_catalog/view/v_video_catalog.sql,CREATE VIEW,vevodb,music_catalog,v_video_catalog,vevodb.music_catalog.v_video_catalog,CREATE TABLE,vevodb,music_catalog,channels,vevodb.music_catalog.channels,5,SELECT - JOIN
53b2786d-0a21-49d8-9dc6-c4748d4df71c,vevodb/operations/materializedview/mv_advertiser_spend.sql,CREATE MATERIALIZED VIEW,vevodb,operations,mv_advertiser_spend,vevodb.operations.mv_advertiser_spend,CREATE TABLE,vevodb,operations,ad_campaigns,vevodb.operations.ad_campaigns,8,SELECT - JOIN
53b2786d-0a21-49d8-9dc6-c4748d4df71c,vevodb/operations/materializedview/mv_advertiser_spend.sql,CREATE MATERIALIZED VIEW,vevodb,operations,mv_advertiser_spend,vevodb.operations.mv_advertiser_spend,CREATE TABLE,vevodb,operations,ad_placements,vevodb.operations.ad_placements,9,SELECT - JOIN
53b2786d-0a21-49d8-9dc6-c4748d4df71c,vevodb/operations/procedure/sp_close_campaign.sql,CREATE PROCEDURE,vevodb,operations,sp_close_campaign(INTEGER),vevodb.operations.sp_close_campaign(INTEGER),CREATE TABLE,vevodb,operations,ad_campaigns,vevodb.operations.ad_campaigns,5,UPDATE
53b2786d-0a21-49d8-9dc6-c4748d4df71c,vevodb/operations/procedure/sp_generate_campaign_report.sql,CREATE PROCEDURE,vevodb,operations,sp_generate_campaign_report(CHARACTER VARYING),vevodb.operations.sp_generate_campaign_report(CHARACTER VARYING),CREATE TABLE,vevodb,operations,ad_campaigns,vevodb.operations.ad_campaigns,11,SELECT - FROM
53b2786d-0a21-49d8-9dc6-c4748d4df71c,vevodb/operations/procedure/sp_generate_campaign_report.sql,CREATE PROCEDURE,vevodb,operations,sp_generate_campaign_report(CHARACTER VARYING),vevodb.operations.sp_generate_campaign_report(CHARACTER VARYING),CREATE TABLE,vevodb,operations,ad_placements,vevodb.operations.ad_placements,16,SELECT - JOIN
53b2786d-0a21-49d8-9dc6-c4748d4df71c,vevodb/operations/procedure/sp_generate_campaign_report.sql,CREATE PROCEDURE,vevodb,operations,sp_generate_campaign_report(CHARACTER VARYING),vevodb.operations.sp_generate_campaign_report(CHARACTER VARYING),CREATE TABLE,vevodb,operations,ad_campaigns,vevodb.operations.ad_campaigns,17,SELECT - JOIN
53b2786d-0a21-49d8-9dc6-c4748d4df71c,vevodb/operations/view/v_campaign_performance.sql,CREATE VIEW,vevodb,operations,v_campaign_performance,vevodb.operations.v_campaign_performance,CREATE TABLE,vevodb,operations,ad_campaigns,vevodb.operations.ad_campaigns,7,SELECT - JOIN
53b2786d-0a21-49d8-9dc6-c4748d4df71c,vevodb/operations/view/v_campaign_performance.sql,CREATE VIEW,vevodb,operations,v_campaign_performance,vevodb.operations.v_campaign_performance,CREATE TABLE,vevodb,operations,ad_placements,vevodb.operations.ad_placements,8,SELECT - JOIN
